hesperia_alternate	hesperia_out	Petalura_out	Phenes_out	Uropetala_out	chromosome	mean_substitution_rate
-182.5503112	-182.550239	-180.473515	-182.5498883	-182.5502104	chr_HiC_scaffold_5	1.66792
-144.1058629	-144.1058611	-144.2151864	-144.1056958	-147.7700057	chr_HiC_scaffold_6	1.50114
-207.3751961	-207.3751961	-207.3620965	-207.3766373	-207.3613342	not_recovered_in_genome	2.97776
-138.4465391	-138.446481	-136.480605	-138.4462252	-138.4464071	chr_HiC_scaffold_2	3.47837
-134.2989254	-134.2988814	-132.252028	-134.3009959	-132.2799098	chr_HiC_scaffold_2	1.53763
-89.34528853	-89.34528853	-89.34528853	-89.34528853	-89.34528853	chr_HiC_scaffold_2	1.77827
-161.1958204	-161.1957638	-161.195595	-161.1954784	-160.1773592	chr_HiC_scaffold_7	1.3035
-153.1108788	-153.1108372	-153.1107682	-153.1105533	-153.1107974	chr_HiC_scaffold_2	1.41898
-164.7856448	-164.7856486	-164.7857095	-164.7855623	-164.7857338	chr_HiC_scaffold_2	1.45881
-106.3030674	-106.3030054	-106.3029488	-106.3026099	-106.3029775	chr_HiC_scaffold_9	3.01768
-188.374909	-188.3749531	-189.3365241	-188.3748516	-189.33652	chr_HiC_scaffold_7	1.3295
-116.3945393	-116.3945371	-116.3945332	-116.3944866	-116.3945582	chr_HiC_scaffold_4	3.08613
-102.1983174	-102.1983174	-102.1983174	-102.1983174	-102.1983174	chr_HiC_scaffold_5	6.75065
-166.2825141	-166.2824533	-166.2824806	-166.2822963	-166.2825117	chr_HiC_scaffold_4	1.30968
-126.9510181	-126.9510168	-126.9512137	-126.9508496	-126.9513615	chr_HiC_scaffold_4	4.29135
-84.14178947	-84.14178896	-84.14178893	-84.14173388	-84.14178818	chr_HiC_scaffold_4	3.12875
-106.7877136	-106.7877136	-106.7877136	-106.7877136	-106.7877136	chr_HiC_scaffold_4	1.33155
-117.4375512	-117.4375507	-117.4375506	-117.4375184	-117.43755	chr_HiC_scaffold_4	6.434
-180.5652947	-180.5652939	-180.5652961	-180.5652276	-180.5652955	not_recovered_in_genome	2.16049
-164.3573985	-164.3573371	-164.3573121	-164.3569596	-164.3573387	chr_HiC_scaffold_6	0.488781
-117.7306019	-117.7305433	-117.7304977	-117.7303807	-117.7305208	chr_HiC_scaffold_4	2.8629
-208.7421514	-208.7421078	-207.2450544	-208.7420429	-208.7420963	not_recovered_in_genome	1.20606
-121.3439857	-121.3439749	-121.3442141	-121.3440852	-121.3447093	chr_HiC_scaffold_4	3.15172
-153.3699535	-153.369967	-153.36982	-153.3696239	-153.369851	chr_HiC_scaffold_4	1.67189
-120.380336	-120.3802812	-116.4388084	-116.4386124	-116.4388356	chr_HiC_scaffold_4	1.20729
-125.5064961	-125.5064884	-125.5064388	-125.5062473	-125.5064675	chr_HiC_scaffold_4	0.832233
-168.2010914	-168.201088	-168.9207281	-166.2604716	-168.9207512	chr_HiC_scaffold_4	1.39499
-124.1551029	-124.1550428	-124.1549988	-124.1547989	-124.1550245	chr_HiC_scaffold_4	1.07027
-149.0466543	-149.0465957	-152.4602492	-149.0463853	-152.4602729	chr_HiC_scaffold_4	1.85693
-143.5790911	-143.5790825	-138.7977134	-143.5788413	-143.5790583	chr_HiC_scaffold_4	1.51288
-196.4237096	-196.4239831	-196.4239491	-196.4236721	-196.4239751	chr_HiC_scaffold_7	1.5182
-148.8821896	-148.8821284	-148.8820765	-148.8819439	-148.8821021	chr_HiC_scaffold_4	1.53459
-115.8119198	-115.8118559	-115.8118	-115.8115094	-115.8118289	chr_HiC_scaffold_4	1.89724
-86.7719744	-86.77191035	-86.77185609	-86.77155146	-86.77188469	chr_HiC_scaffold_4	0.429732
-82.00217843	-82.00211378	-82.00205761	-82.00173546	-82.00208604	chr_HiC_scaffold_4	1.76286
-134.5124016	-134.5125443	-134.5125028	-134.5123243	-134.5125268	chr_HiC_scaffold_4	1.25041
-110.2532841	-110.2532258	-110.2531756	-110.2529974	-110.2532017	chr_HiC_scaffold_4	1.50093
-127.5206085	-127.5205466	-127.5204942	-127.5203127	-127.5205209	chr_HiC_scaffold_4	1.54764
-134.7177493	-134.7176882	-134.7176364	-134.7174471	-134.7176554	chr_HiC_scaffold_4	1.4289
-155.0359537	-155.0358954	-155.9640408	-155.0357064	-155.9640627	chr_HiC_scaffold_4	1.65824
-142.667883	-142.6678269	-142.667733	-142.6675178	-142.6677413	chr_HiC_scaffold_4	0.41074
-155.3945029	-155.394503	-155.3945031	-155.3944747	-155.3945026	chr_HiC_scaffold_4	6.3337
-138.5567696	-138.5569126	-138.5568706	-138.5566999	-138.5568933	chr_HiC_scaffold_4	1.49552
-130.3660501	-130.3659877	-130.365932	-130.3656727	-130.3659602	chr_HiC_scaffold_4	1.4085
-151.4585781	-151.4585203	-151.4584623	-151.4584238	-151.4584949	chr_HiC_scaffold_4	1.28721
-126.9238804	-126.9238195	-126.9238826	-126.9235719	-126.923908	chr_HiC_scaffold_4	1.40911
-162.3854325	-162.3854163	-162.3854081	-162.3854265	-162.3854487	chr_HiC_scaffold_8	2.3341
-143.6620204	-143.6619572	-143.6619078	-143.6617353	-143.6619335	chr_HiC_scaffold_2	1.34745
-157.3778578	-157.3777964	-149.6598711	-153.5877867	-153.5880106	chr_HiC_scaffold_1	1.52512
-83.17912478	-83.17912258	-83.17911697	-83.17906226	-83.17914296	chr_HiC_scaffold_1	1.47814
-142.6236861	-142.6236261	-142.6235739	-142.6233655	-142.6236004	chr_HiC_scaffold_1	1.5211
-198.9012265	-198.9012338	-198.9011776	-198.9010846	-198.030533	chr_HiC_scaffold_1	0.666173
-159.1361063	-159.1360476	-156.0800345	-159.1358273	-159.1360153	chr_HiC_scaffold_1	1.58607
-135.1083944	-135.1083931	-135.1083928	-135.1083368	-135.108392	not_recovered_in_genome	1.46198
-119.3327847	-119.3327838	-119.3326504	-119.3327759	-119.3326501	chr_HiC_scaffold_1	3.30229
-181.2915034	-181.2914436	-181.2913746	-181.2912593	-180.4936745	chr_HiC_scaffold_1	2.89219
-140.3027053	-143.4425629	-143.4425169	-143.4423116	-143.4425276	chr_HiC_scaffold_1	0.423236
-172.6459568	-172.6458969	-172.6458525	-172.6456545	-172.6458759	chr_HiC_scaffold_1	1.49857
-162.3186466	-162.3186127	-162.3186573	-162.3183929	-162.3186806	chr_HiC_scaffold_1	1.61726
-121.7792091	-121.7791538	-121.7790722	-121.7788506	-121.7790961	chr_HiC_scaffold_1	2.66521
-147.127469	-147.1274093	-147.1273606	-147.1271696	-147.1273908	chr_HiC_scaffold_1	1.4758
-153.5057276	-153.5056691	-153.505614	-153.5054332	-153.505642	chr_HiC_scaffold_1	3.41617
-162.4490472	-162.4489883	-162.1655502	-162.4487264	-162.4489627	chr_HiC_scaffold_5	2.55516
-105.4300882	-105.4300881	-105.430088	-105.4300713	-105.4300883	chr_HiC_scaffold_2	1.10438
-185.8148763	-185.8148817	-187.5544759	-185.814717	-187.5544909	chr_HiC_scaffold_2	0.503865
-144.6065004	-144.6066432	-143.4757405	-144.6065101	-144.6066195	chr_HiC_scaffold_2	1.45734
-152.1572151	-152.1572126	-151.971569	-152.1571357	-152.1571791	chr_HiC_scaffold_2	0.610632
-156.347445	-156.3473871	-156.3473379	-156.347174	-156.3473602	chr_HiC_scaffold_1	1.51066
-108.4221615	-108.4221615	-108.4221617	-108.4221342	-108.4221612	chr_HiC_scaffold_6	6.63825
-174.4238219	-174.4237625	-174.42375	-174.4235195	-174.423754	chr_HiC_scaffold_1	0.767441
-145.0947755	-145.0947202	-145.0946576	-145.094409	-145.0946816	chr_HiC_scaffold_9	0.560487
-181.5882804	-181.5881669	-181.5881178	-181.5879839	-179.8490807	chr_HiC_scaffold_7	1.32224
-168.5977245	-168.5977177	-168.5977076	-168.5979474	-168.5977044	chr_HiC_scaffold_7	3.49191
-115.4865606	-115.4865028	-115.4864487	-115.4862032	-115.4864734	chr_HiC_scaffold_7	1.4421
-144.0255443	-144.025542	-144.025538	-144.0254977	-141.891506	not_localized_to_chromosome	1.49346
-130.4008125	-130.4009476	-130.400905	-130.4007547	-130.4009278	not_localized_to_chromosome	2.78755
-137.9596185	-137.9595605	-137.9594975	-137.9593704	-137.9595175	not_localized_to_chromosome	1.22443
-159.2749388	-159.2747674	-159.2749151	-159.274741	-159.2749399	not_localized_to_chromosome	1.62889
-113.1144639	-113.1144627	-113.1144635	-113.1144192	-113.1145437	not_recovered_in_genome	2.61539
-160.056607	-160.0565616	-160.0565268	-160.0563436	-160.0565493	not_localized_to_chromosome	1.65265
-126.9761269	-126.976067	-126.976016	-126.9758053	-120.5522622	not_localized_to_chromosome	2.96033
-153.7029142	-153.7118773	-153.7118299	-153.711568	-153.6926242	not_localized_to_chromosome	0.467989
-136.2298852	-136.2298548	-136.2298055	-136.2296514	-136.2298336	chr_HiC_scaffold_7	1.40725
-177.4882708	-177.4882236	-177.4881821	-177.4880019	-177.488203	chr_HiC_scaffold_9	2.01788
-164.5083225	-164.5082812	-164.5082109	-164.5080797	-164.5082442	chr_HiC_scaffold_9	1.70995
-133.6397695	-133.639769	-133.5502732	-133.6397133	-133.6397492	chr_HiC_scaffold_1	1.39922
-171.6018091	-171.6018071	-171.6017608	-171.6015911	-171.6017844	chr_HiC_scaffold_9	1.50133
-143.7515493	-143.7514905	-143.7514401	-143.7511749	-142.8409055	chr_HiC_scaffold_1	1.68847
-151.134586	-151.1345263	-151.1344668	-151.134188	-151.1344909	chr_HiC_scaffold_5	1.42213
-75.35690799	-75.35690807	-75.35690819	-75.35688113	-75.35690769	chr_HiC_scaffold_7	0.262168
-169.7346307	-169.7112338	-170.2462337	-169.7344798	-170.2463442	chr_HiC_scaffold_7	1.4327
-109.101814	-109.1018098	-109.1016673	-109.1016984	-109.1018332	chr_HiC_scaffold_5	1.08835
-102.7303633	-102.7303018	-102.7302533	-102.7300562	-102.7302785	chr_HiC_scaffold_5	0.938868
-138.6579021	-138.6579004	-138.6577657	-138.6577849	-138.657766	chr_HiC_scaffold_5	2.61816
-153.1026327	-153.1027836	-152.2833944	-153.1026594	-153.1027587	chr_HiC_scaffold_6	1.48072
-102.7814803	-102.7816194	-102.7815286	-102.7814569	-102.781547	chr_HiC_scaffold_6	0.271114
-111.1055651	-111.1054003	-111.1055352	-111.105398	-111.1055616	chr_HiC_scaffold_2	0.921586
-105.1097888	-105.1097883	-105.1097881	-105.1097636	-105.1097877	chr_HiC_scaffold_2	1.70509
-164.9476902	-160.7247103	-164.9475889	-164.9475007	-164.9476116	not_recovered_in_genome	2.60036
-166.7514279	-166.7513655	-166.7513126	-166.7511211	-166.7512834	chr_HiC_scaffold_1	1.62872
-96.54908167	-96.54908175	-96.54908187	-96.54905525	-96.54908138	chr_HiC_scaffold_1	1.61078
-125.7825507	-125.7825499	-125.7825671	-125.7825247	-125.782556	chr_HiC_scaffold_1	1.55283
-142.0049406	-142.0048792	-142.0048237	-142.0045908	-142.0048519	chr_HiC_scaffold_1	1.45873
-135.0260554	-135.0259996	-135.0259647	-135.0257569	-135.0259894	chr_HiC_scaffold_1	1.91728
-160.8813797	-160.8813184	-160.8812709	-160.8810161	-160.8812971	chr_HiC_scaffold_1	1.81009
-159.113542	-159.1135397	-159.113533	-159.1135453	-159.113529	chr_HiC_scaffold_3	1.38428
-154.8629771	-154.8629766	-154.8629764	-154.862904	-154.8629756	chr_HiC_scaffold_2	1.68462
-121.4915242	-121.4915198	-121.4914823	-121.4918533	-121.4913495	chr_HiC_scaffold_2	1.33924
-136.9537059	-136.9538432	-136.9538335	-136.9536766	-136.9538533	chr_HiC_scaffold_7	1.85844
-121.5923656	-121.5923924	-121.5923819	-121.5923547	-121.5924157	chr_HiC_scaffold_7	1.27449
-181.7375633	-181.7375621	-181.737562	-181.7374734	-181.7375187	chr_HiC_scaffold_1	7.75771
-124.4737601	-124.4737592	-124.4737586	-124.4736917	-124.4737574	not_recovered_in_genome	7.57457
-89.36285892	-89.36285846	-89.36285843	-89.36280778	-89.36285774	not_localized_to_chromosome	1.76342
-146.3522346	-146.3522329	-146.3522284	-146.3523611	-146.3523642	chr_HiC_scaffold_4	1.67804
-102.1446164	-102.1447608	-102.1447142	-102.1445924	-98.45570006	chr_HiC_scaffold_4	0.594364
-163.8399822	-163.8399806	-163.8398893	-163.8399358	-163.839888	chr_HiC_scaffold_4	1.56443
-190.0464616	-190.0464283	-190.6833482	-190.0461681	-189.1861222	chr_HiC_scaffold_4	1.31199
-181.0172031	-181.0173425	-181.0173242	-181.0171909	-181.0173544	chr_HiC_scaffold_3_HiC_scaffold_4	2.45503
-147.7406255	-147.7405665	-147.7405017	-147.7403429	-147.7405271	chr_HiC_scaffold_3_HiC_scaffold_4	1.71846
-124.4359208	-124.4359188	-124.4360562	-124.4358438	-124.436058	chr_HiC_scaffold_2	1.4236
-157.7672948	-157.767239	-157.7672935	-157.7672822	-157.7673331	chr_HiC_scaffold_2	1.45369
-178.3165936	-178.3165926	-178.316609	-178.3165416	-178.3166278	chr_HiC_scaffold_2	1.42633
-151.8411782	-151.8411279	-151.8412168	-151.83971	-151.8411561	chr_HiC_scaffold_2	1.02202
-151.5628927	-151.5630361	-151.5629932	-151.562907	-151.5630153	chr_HiC_scaffold_2	0.75059
-99.37299108	-99.3729899	-99.37286193	-99.37295758	-99.37286098	chr_HiC_scaffold_2	3.10476
-98.28031971	-98.28031979	-98.28031991	-98.28029246	-98.28031941	chr_HiC_scaffold_3	6.25429
-138.349932	-138.3499296	-138.3498421	-138.3498812	-138.3499523	chr_HiC_scaffold_3	1.55801
-148.0141179	-148.0141131	-148.0141094	-148.0142193	-148.0141209	chr_HiC_scaffold_4	3.84055
-130.6023445	-130.6023473	-130.6023813	-130.6020161	-128.0981043	chr_HiC_scaffold_4	0.638642
-152.0722555	-152.0721965	-152.0721475	-152.0719822	-152.0721711	chr_HiC_scaffold_5	1.58326
-141.0797882	-141.0797875	-141.0798011	-141.0797213	-141.0797608	chr_HiC_scaffold_5	5.90926
-164.0102181	-164.0101599	-164.0100999	-164.009954	-164.0101349	not_recovered_in_genome	3.56167
-151.7375617	-151.7375613	-151.7375614	-151.737511	-151.7375606	not_recovered_in_genome	8.45883
-106.4477559	-106.4476928	-106.4476468	-106.447521	-106.4476776	chr_HiC_scaffold_5	1.42565
-159.4846817	-159.4846734	-163.3744657	-159.4844965	-163.3744986	chr_HiC_scaffold_5	0.548846
-156.9363877	-156.9363844	-156.9363461	-156.936235	-156.9363717	chr_HiC_scaffold_3_HiC_scaffold_4	1.46601
-152.7260269	-152.7260242	-152.7259798	-152.7258918	-152.7260007	chr_HiC_scaffold_5	1.37374
-125.960079	-125.960038	-125.959973	-125.9597425	-125.9600023	chr_HiC_scaffold_5	1.40029
-168.5040616	-168.5040617	-168.5040618	-168.5040471	-168.5040617	chr_HiC_scaffold_1	6.453
-94.07488043	-94.07488051	-94.07488063	-94.07485318	-94.07488013	not_recovered_in_genome	4.08453
-111.287863	-111.287879	-111.2876834	-111.287622	-111.2877058	not_recovered_in_genome	1.08877
-120.2083434	-120.2082833	-120.2081918	-120.207921	-120.2082199	chr_HiC_scaffold_1	1.91901
-144.3205818	-144.3205807	-144.3206751	-144.320568	-144.3206939	chr_HiC_scaffold_1	1.67839
-157.5787597	-157.5788364	-157.5755616	-157.5799734	-157.5755583	chr_HiC_scaffold_5	0.784981
-196.249362	-196.2493611	-194.4379404	-196.2493659	-195.4669437	not_recovered_in_genome	1.4051
-146.3648618	-146.3648615	-146.3648634	-146.3648212	-146.3648636	chr_HiC_scaffold_5	1.53453
-154.7102526	-154.7102481	-157.6116161	-154.7100849	-157.6116426	chr_HiC_scaffold_4	1.41038
-174.7414556	-174.7414547	-174.7414453	-174.7413821	-170.7542397	chr_HiC_scaffold_3_HiC_scaffold_4	3.25489
-107.8845142	-107.8844579	-107.884425	-107.8842505	-107.8844485	chr_HiC_scaffold_4	1.28585
-136.9458235	-136.9458485	-138.981974	-136.9455848	-138.9819867	chr_HiC_scaffold_4	0.245721
-147.326884	-147.326895	-146.7626351	-147.3269203	-143.3237705	chr_HiC_scaffold_4	1.36117
-155.6275761	-155.6275118	-155.6274449	-155.627269	-155.0207953	chr_HiC_scaffold_7	2.29143
-144.3489559	-144.348954	-144.3490695	-144.3489108	-144.3491198	chr_HiC_scaffold_9	1.92763
-161.6090781	-161.6090771	-161.7283347	-161.6088108	-161.7283641	chr_HiC_scaffold_6	1.32453
-104.504088	-104.5040272	-104.5039763	-104.5037864	-100.280686	chr_HiC_scaffold_6	3.47621
-131.6583094	-131.6582481	-131.6581935	-131.6579063	-131.6582196	chr_HiC_scaffold_5	1.1053
-138.6536141	-138.6536083	-138.6535588	-138.6533462	-138.6535837	chr_HiC_scaffold_6	1.63566
-160.3956568	-160.3956052	-160.3957292	-160.3929245	-160.3956894	chr_HiC_scaffold_6	2.20179
-135.7299359	-135.7298755	-135.7298269	-135.7296521	-135.7298438	chr_HiC_scaffold_6	0.668717
-148.7274968	-148.7274642	-148.7273961	-148.727719	-148.7274116	chr_HiC_scaffold_7	0.656441
-163.3243233	-170.5273285	-172.6758637	-170.5271693	-172.6758914	chr_HiC_scaffold_7	1.37841
-147.4800138	-147.4799709	-147.4799111	-147.479754	-144.0846158	chr_HiC_scaffold_5	1.88256
-98.83927044	-98.83927008	-98.83926998	-98.83921873	-98.83926913	not_recovered_in_genome	3.47188
-127.7199848	-127.7199259	-127.7198754	-127.7197037	-127.7198978	chr_HiC_scaffold_5	1.65529
-138.1874517	-138.1874516	-138.1874518	-138.1874367	-138.1874514	chr_HiC_scaffold_2	2.37406
-114.1789393	-114.1789343	-114.178885	-114.1787474	-114.1789032	chr_HiC_scaffold_4	1.79029
-110.290044	-110.2900395	-110.2899876	-110.2898738	-110.2900182	chr_HiC_scaffold_4	1.41922
-193.4295976	-193.4297274	-193.4295749	-193.4295364	-193.4295762	not_recovered_in_genome	0.539821
-109.8901956	-109.8903399	-109.8902901	-109.8902534	-109.890315	chr_HiC_scaffold_4	0.923998
-96.89372815	-96.89372682	-96.89372208	-96.89367614	-96.89375124	chr_HiC_scaffold_4	0.759003
-178.7003772	-178.700324	-178.7072365	-178.7004194	-178.7072762	chr_HiC_scaffold_9	1.29124
-99.51416304	-99.51427353	-99.51413758	-99.51411997	-99.5141591	chr_HiC_scaffold_6	0.575854
-125.8288834	-125.828883	-125.828883	-125.8288339	-125.8288823	chr_HiC_scaffold_6	8.18099
-142.5899937	-142.5899922	-142.5899919	-142.589946	-142.5901523	chr_HiC_scaffold_5	3.8478
-135.429851	-135.4298747	-135.4298318	-135.4295979	-135.4298295	chr_HiC_scaffold_4	2.83864
-106.1542668	-106.1543252	-106.1543118	-106.154284	-106.1543112	not_recovered_in_genome	0.92407
-163.4019748	-163.4019172	-159.9477697	-159.947504	-159.9477924	chr_HiC_scaffold_4	1.50146
-121.6473008	-121.6472589	-121.6471903	-121.646997	-121.6472199	chr_HiC_scaffold_4	2.84951
-151.0160622	-151.0160116	-151.0159626	-151.0158486	-151.0159863	chr_HiC_scaffold_4	1.15938
-99.48958002	-99.48957785	-96.84979952	-99.48953715	-99.48959743	chr_HiC_scaffold_1	0.286856
-158.8980613	-158.8981944	-160.0093288	-158.8983983	-160.0093517	not_recovered_in_genome	2.61875
-149.6495012	-149.6494016	-149.654832	-149.6494423	-149.6548524	chr_HiC_scaffold_2	11.4742
-119.175323	-119.1753272	-119.1753095	-119.1751996	-119.1752706	chr_HiC_scaffold_7	3.38487
-120.9615708	-120.9615865	-120.9613877	-120.9612957	-117.4565798	not_recovered_in_genome	1.2533
-154.6782435	-154.6782426	-154.6782752	-154.6782676	-154.6783627	chr_HiC_scaffold_7	5.84655
-137.6691219	-137.6691373	-137.6689377	-137.668883	-137.6689673	chr_HiC_scaffold_9	1.56384
-138.6396011	-138.6396004	-136.4471246	-138.6395209	-138.6396105	chr_HiC_scaffold_5	0.653184
-86.13968317	-86.13968247	-86.13954524	-86.13968474	-86.13954499	chr_HiC_scaffold_5	1.30936
-153.6137771	-153.6137147	-153.6136578	-153.6134184	-153.6136871	chr_HiC_scaffold_5	1.79791
-127.5835049	-127.5834427	-127.5833889	-127.5831083	-127.5834177	chr_HiC_scaffold_5	2.64223
-106.1446311	-106.1446301	-106.1446286	-106.1445577	-106.1445847	chr_HiC_scaffold_5	0.84696
-154.051094	-154.0510411	-154.0509868	-154.0508976	-154.0510147	chr_HiC_scaffold_6	1.12174
-120.9717311	-120.9717457	-120.9715453	-120.9714795	-120.9715781	chr_HiC_scaffold_5	1.83086
-138.4795547	-138.4795554	-141.1535634	-138.4793697	-138.4795332	not_recovered_in_genome	1.33607
-153.4991957	-153.4991948	-153.4991047	-153.4991626	-153.4992201	chr_HiC_scaffold_3_HiC_scaffold_4	3.72994
-185.5725649	-185.5725082	-185.6516074	-185.5723351	-185.6516313	chr_HiC_scaffold_3_HiC_scaffold_4	1.28435
-134.147942	-139.4390811	-139.4390323	-139.4388038	-139.4390529	chr_HiC_scaffold_1	1.489
-93.37080861	-93.37080736	-93.37080828	-93.37080745	-93.37096632	chr_HiC_scaffold_1	2.73131
-150.9280546	-150.9280344	-145.5950963	-150.9280831	-150.9281939	chr_HiC_scaffold_7	1.67793
-115.2604202	-115.2604197	-115.2604196	-115.260385	-115.2604189	chr_HiC_scaffold_7	5.89291
-140.576287	-140.5762858	-140.5762867	-140.5762893	-140.5764395	chr_HiC_scaffold_1	2.71904
-164.5260799	-164.5260742	-164.526026	-164.5258715	-164.5260405	chr_HiC_scaffold_1	1.56583
-128.2506119	-128.2505536	-128.2505024	-128.2503254	-128.2505265	chr_HiC_scaffold_6	2.92257
-125.9983408	-125.9983392	-125.9982021	-125.99823	-125.9982024	chr_HiC_scaffold_9	4.2905
-112.481779	-112.481779	-112.481779	-112.481779	-112.481779	chr_HiC_scaffold_3	11.7417
-124.8217853	-124.8217849	-124.8219127	-124.8217542	-124.8217867	chr_HiC_scaffold_3_HiC_scaffold_4	1.40944
-70.15220969	-70.15220976	-70.15220987	-70.15218423	-70.15220941	chr_HiC_scaffold_2	0.156921
-132.7329079	-132.7328499	-132.7327874	-132.7325828	-132.732822	chr_HiC_scaffold_1	1.787
-130.3691863	-130.3690152	-130.3691568	-130.369084	-126.5024738	chr_HiC_scaffold_7	1.30662
-144.7638638	-144.763863	-144.7638046	-144.7638287	-144.7638037	chr_HiC_scaffold_3	5.09615
-106.5159842	-112.7000194	-112.6999751	-112.6998977	-112.6999965	chr_HiC_scaffold_2	1.44409
-89.36253707	-89.36253715	-89.36253728	-89.36250888	-89.36253676	chr_HiC_scaffold_2	1.76342
-102.0754496	-102.0754496	-102.0754497	-102.0754391	-102.0754494	chr_HiC_scaffold_3	2.36527
-117.4333721	-117.4335173	-117.4334782	-117.4333701	-117.433476	chr_HiC_scaffold_5	1.64121
-107.648135	-107.648135	-107.6481351	-107.648135	-107.6481351	chr_HiC_scaffold_2	1.37034
-112.828716	-112.828716	-112.828716	-112.8287133	-112.8287159	chr_HiC_scaffold_5	20.5253
-128.6103197	-128.6103187	-126.3959684	-128.6102973	-128.61034	chr_HiC_scaffold_1	2.9341
-158.6395351	-158.6395487	-159.9551112	-158.6394024	-158.9915584	chr_HiC_scaffold_5	3.70873
-99.93656119	-99.93656136	-99.9365615	-99.9365194	-99.93656104	not_recovered_in_genome	2.42337
-149.7489086	-143.0833757	-151.2980227	-149.7487576	-148.9460718	not_recovered_in_genome	1.16769
-160.653665	-160.6536645	-160.6536639	-160.6536433	-160.653663	chr_HiC_scaffold_6	2.45947
-108.9943815	-108.9943804	-108.9942443	-108.99433	-108.9942431	chr_HiC_scaffold_1	0.924076
-139.7863383	-139.7863362	-139.7862501	-139.7863315	-139.7863592	chr_HiC_scaffold_9	4.86032
-171.3255489	-166.7051084	-171.3254958	-171.3253923	-171.3255132	chr_HiC_scaffold_3_HiC_scaffold_4	1.73627
-133.1274168	-133.1274154	-133.1275409	-133.127439	-133.1275645	not_recovered_in_genome	3.07718
-142.3845811	-142.38458	-142.3844996	-142.384556	-142.3844787	chr_HiC_scaffold_1	7.01525
-148.7785503	-148.7785494	-148.778548	-148.778464	-148.7785481	chr_HiC_scaffold_4	1.63704
-160.3143607	-160.3143607	-160.3143608	-160.3143388	-160.3143615	not_recovered_in_genome	1.38273
-152.8383259	-152.8382673	-152.8382181	-152.8381345	-152.8382416	not_recovered_in_genome	1.55007
-143.7949038	-143.7949026	-143.7950398	-143.7949071	-143.7950656	chr_HiC_scaffold_3	3.72123
-98.33296977	-98.33296985	-98.33296997	-98.33294205	-98.33296946	chr_HiC_scaffold_1	5.73292
-136.5016627	-136.5016616	-136.5016056	-136.5016176	-136.5015479	chr_HiC_scaffold_3_HiC_scaffold_4	1.82519
-159.6203517	-159.6203512	-159.6203512	-159.6203162	-159.6203505	not_recovered_in_genome	6.56903
-131.7149727	-131.7151166	-131.7150716	-131.714967	-131.7150869	chr_HiC_scaffold_4	1.50855
-129.6398297	-129.6398284	-129.923017	-129.6397875	-130.6152173	chr_HiC_scaffold_9	1.17976
-128.1025779	-128.1025711	-128.1025083	-128.1022788	-128.102546	chr_HiC_scaffold_2	1.36096
-117.3029729	-117.3030979	-117.2133436	-117.3028865	-117.30291	chr_HiC_scaffold_2	1.15607
-100.2792849	-100.2792998	-100.279105	-100.2790108	-100.2791342	chr_HiC_scaffold_7	2.84575
-114.3389409	-114.3388809	-114.338815	-114.3386746	-114.3388528	chr_HiC_scaffold_5	2.85176
-163.1956413	-163.1955813	-163.1955336	-163.1953907	-163.0667848	chr_HiC_scaffold_5	1.43224
-116.6889993	-116.6889993	-116.6889994	-116.6889886	-116.6889991	not_recovered_in_genome	2.97108
-153.8407893	-153.8407362	-153.8407038	-153.8405537	-153.3635148	not_recovered_in_genome	0.5441
-117.3121902	-117.3121899	-117.3121899	-117.3121435	-117.3121891	chr_HiC_scaffold_4	1.77025
-185.9911755	-184.0333997	-185.9911325	-185.9909731	-185.9911587	not_recovered_in_genome	1.38781
-153.3694744	-153.3694739	-153.3694738	-153.3694483	-153.3694731	chr_HiC_scaffold_4	1.73623
-106.516806	-101.7354342	-106.5167022	-106.5165393	-106.5167274	chr_HiC_scaffold_2	1.40096
-100.3676387	-100.3676381	-100.3676381	-100.3676034	-100.3676374	not_recovered_in_genome	6.8421
-147.3421883	-147.3421261	-147.3420712	-147.3418343	-147.3420985	chr_HiC_scaffold_4	1.34569
-190.0371068	-190.0371061	-189.8532354	-190.0370348	-188.2923689	chr_HiC_scaffold_1	8.59907
-185.4935876	-185.4935864	-185.4935862	-185.4937138	-185.4935854	not_recovered_in_genome	2.68429
-185.9639258	-185.9639704	-186.933448	-185.9638821	-186.9334416	not_recovered_in_genome	1.76726
-178.3777132	-178.3777158	-179.2664741	-178.3776024	-179.2665595	chr_HiC_scaffold_9	1.21615
-95.50744237	-95.50744237	-95.50744237	-95.50744237	-95.50744237	not_recovered_in_genome	5.11581
-161.1637189	-161.1637175	-162.8356767	-161.1637484	-162.8357016	chr_HiC_scaffold_3	1.52577
-159.2446939	-159.2446935	-159.2446934	-159.2446445	-159.2446928	not_recovered_in_genome	2.11746
-115.4702857	-115.4702845	-115.4701501	-115.4703118	-115.4702611	chr_HiC_scaffold_4	5.89304
-128.2751452	-128.274973	-128.2751137	-128.2749106	-128.2751399	chr_HiC_scaffold_1	1.95133
-146.6782526	-146.6782257	-146.6781451	-146.67795	-146.6781386	chr_HiC_scaffold_5	1.70968
-131.202453	-131.2026224	-128.6503719	-131.1987679	-131.2024794	chr_HiC_scaffold_1	1.60623
-137.6235428	-137.6235378	-137.6234858	-137.6233292	-137.6235117	chr_HiC_scaffold_4	1.2963
-137.3656857	-137.3656816	-134.0046512	-137.3654174	-137.3656611	chr_HiC_scaffold_5	1.36398
-139.2882201	-139.2881605	-139.6600343	-139.2879671	-139.660055	chr_HiC_scaffold_9	1.74045
-166.9190657	-166.919006	-168.9553781	-166.9187665	-168.9554826	chr_HiC_scaffold_3_HiC_scaffold_4	3.16986
-123.9120173	-123.9120002	-123.9120411	-123.910289	-123.9120931	chr_HiC_scaffold_2	1.49941
-133.9572841	-133.9572233	-133.9571704	-133.9569286	-133.9571855	chr_HiC_scaffold_2	1.55824
-170.9166261	-170.9165657	-173.932087	-170.9163328	-173.9321086	chr_HiC_scaffold_4	1.24575
-152.6838961	-148.5468569	-152.6837716	-152.683654	-152.6838185	chr_HiC_scaffold_5	1.37994
-151.7716507	-151.7715928	-151.771435	-151.7714719	-151.7715672	chr_HiC_scaffold_7	1.84084
-146.4678493	-146.4680027	-146.4677807	-146.4677623	-146.4678005	chr_HiC_scaffold_3_HiC_scaffold_4	1.49529
-130.6562444	-130.6561732	-130.6561171	-130.6558929	-130.6561452	chr_HiC_scaffold_9	1.04202
-191.3724432	-191.3723863	-192.4111511	-191.3723216	-192.4434304	chr_HiC_scaffold_1	1.40326
-121.8910143	-121.8909624	-121.8909257	-121.8898422	-121.8909437	chr_HiC_scaffold_2	1.70542
-138.7037633	-138.7037038	-138.7036551	-138.7034777	-138.7037049	chr_HiC_scaffold_2	1.44742
-110.6031731	-110.6031316	-115.5014119	-110.6028718	-115.5014393	chr_HiC_scaffold_2	3.30131
-128.1197498	-128.1196893	-126.9607828	-128.1194826	-128.1196608	chr_HiC_scaffold_6	1.57871
-148.3816336	-148.3816304	-148.3815001	-148.3815799	-148.381643	chr_HiC_scaffold_1	1.59085
-143.7526358	-143.7525746	-143.7525216	-143.7522901	-139.8164958	chr_HiC_scaffold_3	1.31317
-162.3448411	-162.3448567	-162.3447978	-162.3447939	-162.3448249	chr_HiC_scaffold_4	1.48173
-109.4250374	-109.4250374	-109.4250374	-109.4250374	-109.4250374	chr_HiC_scaffold_9	6.6028
-147.7382953	-147.7382677	-147.7382341	-147.7379187	-144.8747325	chr_HiC_scaffold_2	2.48855
-133.4346358	-133.4345775	-133.434491	-133.4342857	-132.2854582	chr_HiC_scaffold_1	1.50998
-182.9970632	-182.9970019	-182.9969478	-182.9966744	-182.1759856	chr_HiC_scaffold_9	1.59858
-77.02873195	-77.02873201	-77.02873211	-77.02871088	-77.02873172	not_recovered_in_genome	7.8997
-127.5824272	-127.5824175	-127.5823294	-127.5821282	-127.5823599	chr_HiC_scaffold_3	1.29234
-112.2648905	-112.2648267	-112.2647772	-112.2645355	-112.2648019	chr_HiC_scaffold_2	1.1021
-143.3702117	-143.3701709	-148.8161183	-143.369943	-148.8161442	chr_HiC_scaffold_3	1.64525
-157.1756421	-157.1755832	-155.6465023	-157.1753805	-157.1755382	chr_HiC_scaffold_1	1.53419
-124.4045017	-124.4045008	-124.4044492	-124.4042348	-124.4044732	chr_HiC_scaffold_1	1.48974
-160.7670829	-160.767099	-162.5106088	-160.766992	-162.5106285	chr_HiC_scaffold_1	0.441903
-129.0997127	-129.0995005	-131.5208949	-129.0994798	-131.520918	chr_HiC_scaffold_7	1.42132
-136.3711297	-136.3711296	-136.3830662	-136.3710412	-136.371718	chr_HiC_scaffold_3	2.1666
-121.770582	-121.7705262	-121.7704819	-121.7703181	-121.770504	chr_HiC_scaffold_6	0.516943
-173.4541584	-173.4541001	-172.4008545	-172.40058	-168.6312888	chr_HiC_scaffold_3	1.65764
-82.14881352	-82.1488136	-82.14881371	-82.14878688	-82.14881322	not_recovered_in_genome	0.586906
-124.2670367	-124.2670357	-124.2670542	-124.2670312	-124.2670469	chr_HiC_scaffold_7	6.10938
-143.7739314	-143.7740732	-143.7738925	-143.7737858	-143.7740519	chr_HiC_scaffold_2	2.72777
-141.8699296	-141.8698809	-141.717381	-141.8697584	-141.8698604	chr_HiC_scaffold_2	1.15439
-83.17797804	-83.17797809	-83.17797814	-83.17794897	-83.17797535	chr_HiC_scaffold_2	0.10015
-136.3567154	-136.356657	-140.1661211	-136.3564554	-140.1661327	chr_HiC_scaffold_5	1.48783
-167.5651944	-167.5651352	-166.6734983	-167.5649355	-167.8854451	chr_HiC_scaffold_3_HiC_scaffold_4	1.07867
-124.2085794	-124.2085743	-124.2085509	-124.2086275	-124.2085576	chr_HiC_scaffold_3_HiC_scaffold_4	1.97054
-134.2116272	-134.2116401	-134.2114509	-134.211339	-134.2114802	not_localized_to_chromosome	0.872673
-83.17766167	-83.17766167	-83.17766167	-83.17766167	-83.17766167	chr_HiC_scaffold_2	0.95172
-114.2718983	-114.2718983	-114.2718983	-114.2718983	-114.2718983	chr_HiC_scaffold_4	2.06716
-117.281049	-117.2810491	-117.4964202	-117.2810191	-117.2810523	chr_HiC_scaffold_4	0.945555
-103.8672046	-103.8672017	-103.6378073	-103.8671887	-103.8672206	chr_HiC_scaffold_1	0.389993
-131.1499922	-131.1499303	-131.1498761	-131.1496368	-131.1499036	chr_HiC_scaffold_5	1.63904
-151.2538701	-151.2538103	-151.25376	-151.2534805	-151.2537824	chr_HiC_scaffold_2	1.62355
-139.7091645	-139.7091214	-139.7090533	-139.7089649	-135.3109273	chr_HiC_scaffold_6	1.56686
-148.7094321	-148.7093595	-148.7092835	-148.7090792	-148.7093322	chr_HiC_scaffold_6	0.556168
-124.9716384	-124.9715777	-124.9715472	-124.971281	-124.9715731	chr_HiC_scaffold_4	0.355812
-158.0000256	-155.4706353	-157.9999211	-157.9995818	-157.9999516	chr_HiC_scaffold_5	1.33052
-116.263622	-116.2635576	-116.2635021	-116.2632206	-116.263533	chr_HiC_scaffold_1	2.24952
-97.8318017	-97.83173774	-97.83168357	-97.83139023	-97.83171203	chr_HiC_scaffold_9	2.79738
-158.58587	-158.5858104	-155.5585062	-158.5855195	-158.5857869	chr_HiC_scaffold_6	1.41063
-146.2070413	-146.2069807	-146.2069459	-146.2067375	-146.2068052	chr_HiC_scaffold_2	7.50548
-178.8079281	-178.8078764	-178.8078096	-178.8076762	-178.8077647	chr_HiC_scaffold_5	1.5839
-143.1443532	-143.1444667	-147.9824256	-143.1442635	-147.9824528	chr_HiC_scaffold_2	1.47297
-82.13141336	-82.1314115	-82.13128268	-82.1314121	-82.1314315	chr_HiC_scaffold_5	1.76242
-100.333558	-100.333494	-100.3334383	-100.3331266	-100.3334675	chr_HiC_scaffold_6	2.84874
-170.3868401	-170.386869	-170.3869159	-170.3836662	-170.386919	chr_HiC_scaffold_4	1.55812
-188.0184196	-188.0183609	-188.0183164	-188.0181123	-188.0183409	chr_HiC_scaffold_6	1.35513
-216.4863228	-216.4862825	-216.5123229	-216.4860604	-216.5123478	chr_HiC_scaffold_4	2.40049
-189.4433627	-189.4433608	-185.202481	-189.4431355	-189.4433399	chr_HiC_scaffold_7	1.59427
-153.7420261	-153.7419689	-154.3096448	-153.7417114	-154.3096788	chr_HiC_scaffold_4	0.986794
-157.9281926	-157.9281288	-157.9280618	-157.927743	-157.9280885	chr_HiC_scaffold_2	0.514679
-188.5210032	-188.5210216	-188.520931	-188.5208422	-188.5210141	chr_HiC_scaffold_2	6.01945
-148.7268712	-148.7268099	-148.7267213	-148.7265586	-146.2052711	chr_HiC_scaffold_2	1.68454
-167.1326324	-167.1326293	-167.4412375	-167.132558	-167.4412565	chr_HiC_scaffold_5	2.13951
-118.2532597	-118.2532007	-118.2531684	-118.2529416	-118.2531944	chr_HiC_scaffold_5	3.29803
-155.4375888	-155.4375871	-155.4376731	-155.4374914	-155.4376997	chr_HiC_scaffold_2	0.410902
-184.1639593	-184.1639712	-182.3208946	-184.1637921	-184.1639037	chr_HiC_scaffold_2	0.568911
-179.358087	-179.3580799	-179.3581649	-179.3580416	-179.3581903	chr_HiC_scaffold_5	1.4036
-106.1471099	-106.1471088	-106.1471097	-106.1470929	-106.1472622	chr_HiC_scaffold_2	0.924014
-160.3261318	-160.3260917	-160.2736596	-160.3259213	-160.3260137	chr_HiC_scaffold_3	1.41379
-99.72779328	-99.72779328	-99.72779328	-99.72779328	-99.72779328	chr_HiC_scaffold_6	0.923723
-187.3450934	-189.3389633	-187.7361424	-189.3393229	-189.3388857	chr_HiC_scaffold_5	1.72214
-173.3170401	-173.317038	-173.3170351	-173.3169436	-171.2014975	chr_HiC_scaffold_3	1.2917
-140.2468694	-140.2468127	-140.2467822	-140.2465968	-140.2468063	chr_HiC_scaffold_1	1.49362
-89.36753576	-89.3674715	-89.36741621	-89.36715452	-89.36744498	chr_HiC_scaffold_7	1.76338
-171.9898132	-171.9898117	-171.9897581	-171.9896555	-171.9897926	chr_HiC_scaffold_2	1.58725
-146.2960404	-146.29598	-142.228902	-146.2956979	-146.2959541	chr_HiC_scaffold_2	1.61634
-180.200971	-180.2009187	-180.2008584	-180.2006868	-180.2008835	chr_HiC_scaffold_1	1.47583
-130.6105572	-130.6105571	-130.6105573	-130.6105428	-130.6105569	chr_HiC_scaffold_1	2.11011
-155.9842763	-155.9842195	-153.0556245	-155.9839639	-155.9841548	chr_HiC_scaffold_2	1.35844
-169.8548137	-169.8547711	-169.8547122	-169.8545188	-169.8547363	chr_HiC_scaffold_3_HiC_scaffold_4	1.66888
-124.2510624	-124.2510008	-124.250945	-124.2506577	-124.2509744	chr_HiC_scaffold_6	3.51501
-150.1435778	-150.1435189	-150.1434024	-150.1432967	-150.1434488	chr_HiC_scaffold_6	0.519794
-162.7166864	-162.7166347	-162.1573723	-162.7163267	-162.7166056	chr_HiC_scaffold_2	0.380576
-186.9614128	-186.8067115	-186.3416089	-186.9613319	-185.1274849	chr_HiC_scaffold_5	0.741281
-154.4838197	-154.4837626	-154.483696	-154.483525	-154.4837384	chr_HiC_scaffold_6	1.55237
-150.8036718	-150.8036264	-150.8035804	-150.8037943	-150.8036031	chr_HiC_scaffold_2	1.3979
-145.230957	-143.6832652	-143.6831036	-145.2307651	-145.2309112	chr_HiC_scaffold_4	0.465419
-98.38936753	-98.38930414	-98.38924913	-98.38893391	-98.38927761	chr_HiC_scaffold_1	5.08709
-199.2350572	-193.075541	-202.9300106	-199.2348118	-202.9300086	chr_HiC_scaffold_4	1.40791
-125.248494	-125.2484328	-125.2483766	-125.2481376	-125.2484054	chr_HiC_scaffold_5	1.76171
-89.3622385	-89.3622385	-89.3622385	-89.3622385	-89.3622385	chr_HiC_scaffold_4	1.76342
-125.0479963	-125.0479385	-125.0479492	-125.0477928	-125.0479784	chr_HiC_scaffold_3	1.45648
-156.1269851	-156.1269236	-157.3993307	-156.1266716	-157.3993542	chr_HiC_scaffold_1	1.34615
-142.8049665	-142.8049058	-142.8048552	-142.8046037	-142.8048818	chr_HiC_scaffold_3_HiC_scaffold_4	1.65432
-192.4477107	-192.4476765	-190.9984495	-190.9984797	-190.998613	chr_HiC_scaffold_5	3.00867
-70.02800913	-70.02800921	-70.02800932	-70.02798273	-70.02800884	chr_HiC_scaffold_4	0.230835
-117.7141749	-117.7143217	-117.7142509	-117.7141665	-117.7142775	chr_HiC_scaffold_4	1.38618
-149.048852	-149.0487914	-146.8147891	-149.0485437	-148.9082918	chr_HiC_scaffold_2	1.41134
-187.2523684	-187.2523176	-186.5613669	-187.2521514	-187.2522114	not_recovered_in_genome	1.81841
-71.71727858	-71.71727866	-71.71727878	-71.71725162	-71.71727829	not_recovered_in_genome	0.10015
-134.3510792	-134.3510792	-134.3510792	-134.3510789	-134.3510792	chr_HiC_scaffold_4	6.11
-168.5745718	-168.5745622	-168.5747031	-168.5744552	-168.5746093	chr_HiC_scaffold_4	1.30432
-89.3659849	-89.36593404	-89.36588332	-89.36563751	-89.36591276	chr_HiC_scaffold_7	1.7634
-192.727085	-192.7270267	-192.7269646	-192.726755	-188.9463445	chr_HiC_scaffold_3	1.59583
-133.8493257	-133.8493375	-133.8492741	-133.8492186	-133.8493168	chr_HiC_scaffold_3	0.316459
-182.2549365	-182.2549363	-182.2548292	-182.2549048	-182.2549369	not_recovered_in_genome	2.26236
-159.3529363	-159.3528864	-159.3275943	-159.3284978	-159.3289656	chr_HiC_scaffold_2	3.66246
-174.1057079	-174.1057095	-174.1056619	-174.1055236	-174.1056857	chr_HiC_scaffold_1	1.42738
-163.7336424	-163.7336265	-163.7281446	-163.7351227	-163.7335984	chr_HiC_scaffold_1	1.41263
-191.9576991	-191.95764	-190.9127682	-191.9574193	-191.9577209	chr_HiC_scaffold_4	1.60522
-131.644198	-131.6442348	-131.6441941	-131.6440537	-131.6443406	chr_HiC_scaffold_6	7.40843
-119.0126385	-119.0125805	-119.0125259	-119.0124246	-119.012555	chr_HiC_scaffold_4	2.93157
-116.0051732	-116.0051728	-116.0051727	-116.0051221	-116.005172	chr_HiC_scaffold_4	2.47697
-108.4566994	-108.4566359	-108.4565813	-108.4563489	-108.4566099	chr_HiC_scaffold_4	3.18607
-202.3787622	-202.3785115	-201.9571654	-202.378519	-202.6424768	chr_HiC_scaffold_4	1.65064
-83.17771143	-83.17771144	-83.17771146	-83.17770673	-83.17771138	chr_HiC_scaffold_2	2.72178
-112.8884577	-112.8884578	-112.8884579	-112.8884307	-112.8884574	chr_HiC_scaffold_4	1.92648
-171.7684706	-171.7684568	-172.4050833	-171.7684741	-172.4051065	chr_HiC_scaffold_5	2.15981
-162.6664243	-160.9753678	-159.8049644	-159.8048473	-159.8049642	chr_HiC_scaffold_1	2.92858
-122.7015984	-122.7015378	-122.7014907	-122.7013684	-122.7015146	chr_HiC_scaffold_2	2.47424
-102.268211	-102.2682111	-102.2682112	-102.2681828	-102.2682107	chr_HiC_scaffold_2	6.74817
-98.2805458	-98.28054556	-98.28054558	-98.28051615	-98.28054503	chr_HiC_scaffold_2	5.11566
-206.8466137	-206.8465575	-204.1227746	-206.8464263	-206.8465531	chr_HiC_scaffold_2	1.43467
-181.0009942	-181.0009296	-178.7573304	-181.0006502	-181.0009053	chr_HiC_scaffold_3_HiC_scaffold_4	1.51626
-143.9739911	-143.9739893	-143.973854	-143.9738816	-143.9738529	chr_HiC_scaffold_3_HiC_scaffold_4	1.48048
-157.0284398	-157.028386	-157.0283495	-157.0279433	-157.0283668	chr_HiC_scaffold_3_HiC_scaffold_4	0.936721
-108.4569864	-108.456925	-108.4568757	-108.4567077	-108.4569004	chr_HiC_scaffold_1	3.18689
-136.8049426	-136.8049007	-136.8048366	-136.8047452	-136.8048576	chr_HiC_scaffold_6	1.52793
-83.17808789	-83.17808778	-83.17808775	-83.17805255	-83.17808961	chr_HiC_scaffold_9	0.115723
-132.575359	-132.5753635	-132.5753793	-132.5753665	-132.5753689	chr_HiC_scaffold_2	2.08929
-148.7849267	-148.784879	-148.7847907	-148.7846005	-145.9741173	chr_HiC_scaffold_9	1.57181
-78.95395526	-78.95395344	-78.95382422	-78.95394269	-78.95398444	chr_HiC_scaffold_2	1.76271
-177.601636	-177.6015969	-177.6015286	-177.6014095	-177.6015441	chr_HiC_scaffold_5	1.325
-183.8733854	-183.8734302	-183.8733924	-183.8731687	-183.8734039	chr_HiC_scaffold_6	1.57507
-105.8823409	-105.8823374	-105.882433	-105.8821635	-105.8824607	chr_HiC_scaffold_7	7.37017
-144.080523	-144.0804606	-139.333448	-144.0800967	-144.0804336	chr_HiC_scaffold_2	2.02218
-108.4548902	-108.4547186	-108.4548621	-108.4547462	-108.4548866	chr_HiC_scaffold_9	3.18764
-130.4896008	-130.4895992	-130.4896038	-130.4895521	-130.4896003	chr_HiC_scaffold_3	1.65904
-108.8954343	-108.8954335	-108.8954537	-108.8954105	-108.8954411	chr_HiC_scaffold_7	6.82245
-104.0740253	-104.0740254	-104.0740255	-104.0740007	-104.074025	chr_HiC_scaffold_7	2.26669
-99.03320654	-99.03320573	-99.03313656	-99.03318214	-99.03313608	chr_HiC_scaffold_3_HiC_scaffold_4	0.75912
-143.8210071	-143.8209455	-143.8208916	-143.8206368	-143.8209144	chr_HiC_scaffold_4	1.56355
-142.1230227	-137.1790339	-141.4334551	-142.1222919	-141.4205653	not_recovered_in_genome	6.87926
-99.67164278	-99.67164286	-99.67164298	-99.67161553	-99.67164248	chr_HiC_scaffold_2	1.2442
-184.8005655	-184.8005085	-184.8004632	-184.8003288	-184.8004887	chr_HiC_scaffold_2	1.51972
-168.558166	-168.5582493	-168.5584885	-168.558276	-168.558377	chr_HiC_scaffold_2	1.53595
-94.14500619	-94.14479825	-94.144912	-94.14483056	-94.14490966	not_recovered_in_genome	3.4239
-109.3133442	-109.3133187	-109.3121069	-109.3131952	-109.3120457	chr_HiC_scaffold_2	4.11141
-165.2938382	-168.3206687	-169.0452011	-169.0448442	-169.0452234	chr_HiC_scaffold_5	1.25566
-187.4052128	-189.8070352	-189.8069399	-189.8069241	-189.3721305	not_localized_to_chromosome	0.501051
-156.4867103	-156.4867084	-155.0557005	-156.486625	-154.1345038	chr_HiC_scaffold_5	1.37151
-94.10937881	-94.10937881	-94.10937881	-94.10937881	-94.10937881	chr_HiC_scaffold_2	4.4937
-97.34894174	-97.34893212	-97.34890231	-97.34885018	-97.34890171	chr_HiC_scaffold_3_HiC_scaffold_4	1.03544
-92.98278155	-92.98278155	-92.98278155	-92.98278155	-92.98278155	chr_HiC_scaffold_3_HiC_scaffold_4	4.78076
-147.3294535	-147.3294537	-147.3294144	-147.3293496	-147.3294119	chr_HiC_scaffold_7	4.0463
-128.7317633	-128.7317626	-128.7317938	-128.7317535	-128.7317721	chr_HiC_scaffold_7	7.85321
-83.17808788	-83.17808777	-83.17808782	-83.17805693	-83.17808726	chr_HiC_scaffold_7	0.13002
-188.9663515	-188.9663108	-188.5683425	-188.5682621	-188.5684149	chr_HiC_scaffold_1	0.540151
-125.6965232	-125.6965233	-125.6965234	-125.6964964	-125.6965229	chr_HiC_scaffold_5	9.04276
-93.85264116	-93.85258587	-93.85254112	-93.85236103	-93.85256222	chr_HiC_scaffold_4	2.48345
-151.529648	-151.5295871	-151.5295361	-151.5293191	-151.5295616	chr_HiC_scaffold_4	1.25582
-109.2746124	-109.2746125	-109.2746126	-109.2745842	-109.2746121	chr_HiC_scaffold_4	7.90294
-102.1943771	-102.1943772	-102.1943773	-102.1943496	-102.1943768	chr_HiC_scaffold_4	1.25388
-158.4482719	-158.448271	-161.79431	-158.4479698	-162.8761795	chr_HiC_scaffold_5	1.44658
-150.9223564	-150.9224945	-148.3234308	-150.922298	-150.9224707	chr_HiC_scaffold_2	1.85929
-172.1122118	-172.1121801	-172.1120253	-172.1121431	-172.1121071	chr_HiC_scaffold_1	4.27235
-105.9378096	-105.9378097	-105.9378098	-105.9377829	-105.9378093	chr_HiC_scaffold_1	7.16953
-106.582711	-106.5827108	-106.5827107	-106.5827172	-106.5827107	chr_HiC_scaffold_3_HiC_scaffold_4	11.991
-76.2273738	-76.22737388	-76.227374	-76.22734631	-76.2273735	not_recovered_in_genome	0.10015
-106.5141661	-106.5141644	-106.5143033	-106.5141033	-106.5142476	chr_HiC_scaffold_3_HiC_scaffold_4	1.40139
-129.0413439	-129.0413247	-129.0413283	-129.0412345	-129.0413659	chr_HiC_scaffold_5	3.54219
-142.9357692	-142.93571	-140.2003761	-142.9354007	-142.9357119	chr_HiC_scaffold_5	1.62036
-180.5648279	-180.5648459	-180.5648484	-180.5645636	-180.5648732	chr_HiC_scaffold_5	1.40271
-170.4487664	-170.4487272	-170.4487273	-170.4484401	-170.4487531	chr_HiC_scaffold_5	1.27135
-101.8025646	-101.802806	-101.8025967	-101.8022577	-101.8026238	chr_HiC_scaffold_5	0.131901
-109.4203963	-109.4203946	-109.4202546	-109.4202622	-109.420258	chr_HiC_scaffold_5	1.2988
-126.9970196	-126.9970138	-126.9969628	-126.9967448	-126.996985	chr_HiC_scaffold_5	1.50685
-147.8783637	-147.8783043	-150.316545	-147.8780874	-149.8675281	chr_HiC_scaffold_5	1.39707
-136.1808012	-136.1807387	-136.1806851	-136.1804983	-136.180715	chr_HiC_scaffold_5	1.58502
-117.4105065	-117.4104445	-117.4103908	-117.4101538	-117.4104174	chr_HiC_scaffold_5	1.08845
-139.7557209	-139.7557191	-139.7556708	-139.7554481	-139.7556945	chr_HiC_scaffold_5	2.34346
-174.0051077	-174.0050346	-173.3708239	-174.0014452	-174.004981	chr_HiC_scaffold_5	0.518184
-130.2204582	-130.2204143	-130.2203476	-130.2200992	-130.2203762	chr_HiC_scaffold_5	1.92675
-128.6492427	-128.6491814	-128.6491294	-128.6489059	-128.6491541	chr_HiC_scaffold_3	1.49178
-165.8883997	-165.888542	-168.2469	-165.8883373	-168.2469226	chr_HiC_scaffold_1	1.28488
-168.5608121	-168.5609536	-170.2795098	-168.5607963	-170.2486321	chr_HiC_scaffold_1	4.08917
-145.3821336	-145.3820627	-141.4288316	-145.3944363	-145.3820349	chr_HiC_scaffold_1	1.19047
-152.9265848	-152.9265846	-152.9266437	-152.9265799	-152.9265851	chr_HiC_scaffold_5	1.45495
-155.9714593	-155.9714116	-155.9713448	-155.9711822	-155.9713699	chr_HiC_scaffold_5	1.26456
-195.0677709	-194.8396543	-192.9405442	-195.0677495	-195.0677076	not_recovered_in_genome	1.5125
-268.7253371	-268.7253359	-268.7252498	-268.725229	-268.7252493	chr_HiC_scaffold_2	3.5169
-159.5779526	-159.5778702	-159.5779781	-159.577891	-159.5779825	chr_HiC_scaffold_2	1.72886
-253.7458301	-253.7458443	-256.5400359	-253.7457183	-252.8750364	chr_HiC_scaffold_2	0.622189
-149.4401679	-149.4401115	-150.9559975	-149.4397754	-151.0698591	chr_HiC_scaffold_2	1.72261
-234.9781825	-234.9775464	-232.587848	-232.5877996	-232.5233377	chr_HiC_scaffold_2	1.89017
-147.3513412	-147.3512869	-149.099333	-147.3510866	-149.09935	not_recovered_in_genome	0.409932
-138.9993055	-138.9992436	-146.2087437	-138.9989685	-146.2087698	chr_HiC_scaffold_2	1.25981
-136.3131435	-136.3130794	-136.3130282	-136.3129057	-135.0112214	chr_HiC_scaffold_2	1.2071
-174.5474511	-174.5474504	-178.6069619	-174.5472222	-178.6033255	chr_HiC_scaffold_2	1.71556
-155.1009695	-155.1009821	-156.650851	-155.1007979	-156.6508912	chr_HiC_scaffold_2	5.61031
-213.5178626	-213.5178039	-213.5177498	-213.5174459	-212.0754716	chr_HiC_scaffold_2	1.32537
-140.1296762	-140.1296763	-140.1296764	-140.1296494	-140.1296759	chr_HiC_scaffold_4	2.65359
-182.4286288	-182.4286288	-182.4286286	-182.4286016	-182.4286283	chr_HiC_scaffold_4	1.94115
-147.1365946	-147.1365334	-147.1364816	-147.1362734	-147.1365071	chr_HiC_scaffold_4	0.821616
-104.6697245	-104.6697219	-104.6697235	-104.6696124	-104.6697492	chr_HiC_scaffold_9	3.92855
-204.5939871	-204.5939074	-204.59389	-204.5935477	-202.2997121	chr_HiC_scaffold_9	1.62329
-156.783359	-156.7833587	-153.9318975	-156.7832734	-156.7833439	chr_HiC_scaffold_7	1.39789
-155.1347075	-155.1346481	-155.1345973	-155.1346876	-155.0920848	chr_HiC_scaffold_7	0.888755
-146.1734376	-146.1733778	-146.1733282	-146.1731874	-146.1733515	chr_HiC_scaffold_1	1.57984
-103.3695343	-103.3694733	-103.3694243	-103.3692802	-103.3694473	chr_HiC_scaffold_1	0.759353
-102.990436	-102.9903717	-102.9903165	-104.7969661	-102.9903451	chr_HiC_scaffold_1	2.86519
-156.8114437	-156.8114389	-156.8114223	-156.8113275	-154.2954936	chr_HiC_scaffold_3_HiC_scaffold_4	0.477751
-153.9449329	-153.9450774	-151.6962766	-153.9449653	-153.9450293	chr_HiC_scaffold_6	2.01731
-168.8777142	-168.8776699	-168.8776067	-168.8773251	-168.8776328	chr_HiC_scaffold_6	1.46412
-138.0647176	-138.0646577	-138.0646598	-138.0644665	-138.0646803	chr_HiC_scaffold_6	1.30008
-107.8516033	-107.8516003	-107.8515552	-107.85138	-107.851579	chr_HiC_scaffold_6	1.27567
-162.8988384	-162.89878	-162.8987421	-162.8985571	-159.0267823	chr_HiC_scaffold_2	2.76468
-234.7577432	-234.7576884	-234.7576055	-234.7575613	-234.7576252	chr_HiC_scaffold_2	1.58955
-197.7317769	-197.7317527	-200.9943283	-197.7315862	-200.9943388	chr_HiC_scaffold_2	3.87994
-122.7199621	-122.7199035	-122.7198381	-122.7196412	-122.7198805	chr_HiC_scaffold_2	2.24307
-199.1091321	-199.1090813	-199.108919	-199.1092334	-199.1090354	not_recovered_in_genome	0.955133
-111.7033311	-111.7033034	-111.6309334	-111.7031784	-111.6329985	chr_HiC_scaffold_2	1.25378
-150.1352739	-150.1354131	-150.1353693	-150.1352604	-150.1353905	chr_HiC_scaffold_3_HiC_scaffold_4	2.41528
-155.9464127	-155.9464043	-155.7089382	-155.9460513	-157.3579346	chr_HiC_scaffold_3_HiC_scaffold_4	1.5386
-189.0262839	-189.0263274	-187.9229553	-189.0260734	-188.5636058	chr_HiC_scaffold_3_HiC_scaffold_4	0.444716
-152.0946324	-152.0945734	-152.0945207	-152.0943513	-152.0945467	chr_HiC_scaffold_2	1.44568
-187.9556415	-187.9556234	-187.9556823	-187.9555821	-187.955727	chr_HiC_scaffold_1	0.617185
-157.3657205	-157.3657324	-157.365708	-157.3656396	-157.3656985	chr_HiC_scaffold_2	0.507396
-144.874643	-144.8745834	-144.8745343	-144.874315	-144.8745503	chr_HiC_scaffold_3	3.34835
-211.5564776	-211.5564891	-211.5565439	-211.5565096	-211.5565609	chr_HiC_scaffold_2	0.575071
-139.5030892	-139.5030878	-139.5031999	-139.5030456	-139.5030802	chr_HiC_scaffold_2	1.54051
-137.8899672	-137.8899084	-137.8898753	-137.8896546	-137.8898862	chr_HiC_scaffold_2	0.454315
-137.0989167	-137.0988665	-137.0987454	-137.0985898	-137.0537113	chr_HiC_scaffold_2	0.578701
-166.628653	-166.6287948	-166.6287441	-166.6286317	-163.6014533	chr_HiC_scaffold_2	0.586174
-143.4305456	-143.4305593	-143.4303521	-143.4302202	-143.4303911	chr_HiC_scaffold_2	1.34419
-145.4710426	-145.4710424	-144.2631926	-145.4710318	-144.2633219	chr_HiC_scaffold_2	2.38739
-163.9414065	-163.9413976	-163.9413491	-163.9411922	-163.9413754	chr_HiC_scaffold_6	1.63857
-146.3648555	-146.3648828	-146.364818	-146.3647388	-146.3648553	chr_HiC_scaffold_5	0.461232
-157.5948769	-157.5948702	-157.5948666	-157.5947018	-157.5948918	chr_HiC_scaffold_3_HiC_scaffold_4	1.64047
-128.5016955	-128.5016348	-128.9175098	-128.5014085	-125.5503597	chr_HiC_scaffold_3_HiC_scaffold_4	2.18202
-250.5339296	-250.533869	-250.5338146	-250.5337398	-250.5338413	chr_HiC_scaffold_3_HiC_scaffold_4	1.30986
-142.2927526	-142.2926929	-142.29261	-142.2924745	-142.2926677	chr_HiC_scaffold_1	1.4265
-136.2772147	-136.2771948	-136.2777606	-136.2778244	-136.2771673	chr_HiC_scaffold_1	2.09822
-145.2356568	-145.2355961	-145.2355482	-145.2353846	-145.2355387	chr_HiC_scaffold_1	1.61494
-175.5949615	-175.5950654	-175.5950041	-175.5952381	-175.5949956	not_recovered_in_genome	3.77589
-151.66494	-151.6648837	-151.6649592	-151.6640462	-151.6649817	not_recovered_in_genome	1.44163
-133.2055055	-133.2055056	-133.2055057	-133.2054778	-133.2055052	not_localized_to_chromosome	7.11899
-79.59264052	-79.59264052	-79.59264052	-79.59264052	-79.59264052	chr_HiC_scaffold_1	4.49202
-148.9372759	-148.9372109	-145.9082677	-148.604263	-148.9371094	chr_HiC_scaffold_1	1.58865
-123.4445803	-123.4445177	-123.4444709	-123.4441409	-123.4444934	chr_HiC_scaffold_1	1.86368
-127.4949051	-127.4948428	-127.4947881	-127.4944648	-127.4948175	chr_HiC_scaffold_1	1.5162
-168.7614613	-168.7614002	-168.7613542	-168.7613601	-168.7613804	chr_HiC_scaffold_1	2.05102
-134.7788049	-134.7788019	-134.7787593	-134.7785952	-134.7787856	chr_HiC_scaffold_1	1.90537
-185.0188396	-185.0189717	-185.0188012	-185.0188418	-185.0188116	chr_HiC_scaffold_1	1.28808
-141.7678803	-141.7678193	-141.7677741	-141.767781	-141.7677946	chr_HiC_scaffold_1	2.01917
-165.7556456	-165.7555842	-165.7554836	-165.7553649	-165.7555081	chr_HiC_scaffold_3	1.697
-145.2184905	-145.2184326	-145.2183336	-145.2181719	-145.2184176	not_localized_to_chromosome	0.431339
-131.4619313	-131.4618882	-131.4618178	-131.4615497	-131.4618467	chr_HiC_scaffold_3_HiC_scaffold_4	1.37992
-132.092191	-132.0921338	-130.1047878	-132.0918365	-132.0921059	chr_HiC_scaffold_2	0.260153
-187.495768	-187.4957094	-184.7890475	-187.4954965	-187.495687	chr_HiC_scaffold_2	1.31033
-147.5740515	-147.5740512	-147.5740032	-147.573894	-147.574035	chr_HiC_scaffold_2	1.26751
-178.6199906	-178.6201432	-178.6199929	-178.6200617	-175.7146232	chr_HiC_scaffold_2	1.33785
-137.005558	-137.0055011	-137.0054535	-137.0053169	-137.0054777	chr_HiC_scaffold_2	3.63945
-121.3991568	-121.3990962	-121.3990416	-121.3987743	-121.3990685	chr_HiC_scaffold_2	2.80299
-130.8724173	-130.8723622	-130.8723245	-130.8721373	-130.8723479	chr_HiC_scaffold_2	1.1955
-142.1889585	-142.1888996	-142.1888467	-142.188678	-142.1888617	chr_HiC_scaffold_2	1.28806
-140.3389833	-140.3389272	-140.3388785	-140.3386096	-140.3389004	chr_HiC_scaffold_2	1.66874
-140.3360408	-140.335983	-138.3656529	-140.3357875	-140.3359546	chr_HiC_scaffold_2	2.89603
-154.5056313	-154.505569	-154.505515	-154.5053143	-154.5055424	chr_HiC_scaffold_7	1.76208
-111.2646099	-111.2645466	-111.2644897	-111.2641129	-111.2645189	chr_HiC_scaffold_7	1.41395
-143.1745711	-143.1745143	-143.1744644	-143.1742789	-143.1744859	chr_HiC_scaffold_1	1.46045
-157.7366282	-157.7365675	-157.7365201	-157.736324	-157.7365459	chr_HiC_scaffold_1	1.47881
-115.2135277	-115.2135218	-115.2134757	-115.2133669	-115.213502	chr_HiC_scaffold_1	3.67766
-169.0143811	-169.0143824	-169.0143419	-169.0142932	-169.0143654	chr_HiC_scaffold_1	1.61751
-199.5288186	-199.5288187	-198.3323447	-199.5286629	-199.5287953	chr_HiC_scaffold_1	1.51363
-136.8391751	-136.8391709	-136.8391147	-136.8388616	-136.8391438	chr_HiC_scaffold_1	1.70102
-172.444912	-172.4448503	-172.4447955	-172.4445163	-172.4448201	chr_HiC_scaffold_1	1.28209
-209.5671069	-209.5671069	-212.0942888	-209.567078	-212.0943412	not_recovered_in_genome	1.53563
-210.3756293	-210.3755345	-212.8266736	-210.3781072	-212.8267306	chr_HiC_scaffold_2	1.80651
-175.161604	-175.1615471	-175.1614585	-175.1614046	-175.1614824	chr_HiC_scaffold_2	1.26087
-145.246325	-145.2464791	-147.1981393	-145.2461879	-145.2466396	chr_HiC_scaffold_3_HiC_scaffold_4	1.40724
-140.0267244	-140.0266658	-140.0266165	-140.0264845	-140.0266381	not_recovered_in_genome	1.33293
-125.9490317	-125.9490302	-125.9488892	-125.949049	-125.9490527	chr_HiC_scaffold_2	3.62332
-107.4326432	-107.4325836	-107.4325324	-107.4322932	-107.4325592	chr_HiC_scaffold_2	2.11282
-119.7836896	-119.7836287	-119.7835811	-119.783285	-119.783603	chr_HiC_scaffold_2	2.83194
-151.8716635	-145.6872102	-149.2229673	-151.8714329	-151.8715858	chr_HiC_scaffold_5	1.48179
-153.4805033	-153.4804511	-153.4800351	-153.4798814	-153.4800426	chr_HiC_scaffold_5	1.31536
-145.5037127	-145.5037115	-145.5037886	-145.5036148	-145.5037139	chr_HiC_scaffold_6	5.75519
-148.8894623	-148.8896094	-147.1587801	-148.8893943	-148.8896005	chr_HiC_scaffold_1	2.86148
-192.8088209	-192.8087719	-193.4719178	-192.8086665	-193.4719486	chr_HiC_scaffold_1	1.55974
-157.4945914	-157.4945932	-157.4945398	-157.4943596	-157.4945665	chr_HiC_scaffold_3_HiC_scaffold_4	1.74859
-184.1880067	-184.1880064	-180.9974961	-184.1878504	-184.1879778	chr_HiC_scaffold_3_HiC_scaffold_4	3.07638
-151.8259983	-151.8259646	-151.8258025	-151.8258157	-151.8258888	chr_HiC_scaffold_2	1.68446
-121.6371163	-121.6370583	-121.6370219	-121.6368558	-121.637093	chr_HiC_scaffold_2	1.45573
-147.7392853	-147.7392283	-147.7391818	-147.7390432	-147.7392065	chr_HiC_scaffold_2	7.19861
-180.4707241	-180.4707036	-178.5782584	-180.4672602	-180.4708507	chr_HiC_scaffold_6	0.404698
-183.5304195	-183.5303786	-183.5303252	-183.5302027	-183.3866968	chr_HiC_scaffold_6	3.10601
-146.6670161	-146.6670769	-146.6668964	-146.6667127	-146.6668655	chr_HiC_scaffold_6	1.4251
-116.9223739	-116.9223728	-116.9222334	-116.9223447	-116.9222327	chr_HiC_scaffold_6	1.51628
-123.5451483	-123.5450858	-123.5450811	-123.5447727	-123.5451106	chr_HiC_scaffold_6	1.03512
-194.3672181	-194.3671852	-195.3078276	-194.3671343	-195.3078482	chr_HiC_scaffold_6	0.693526
-91.64380795	-91.64380601	-91.6436684	-91.64380966	-91.64382744	not_localized_to_chromosome	0.756508
-156.2313598	-156.2312999	-156.2312444	-156.2310836	-156.2312739	not_localized_to_chromosome	1.70481
-178.4375833	-178.4374915	-178.4374644	-178.4372957	-178.4374955	not_localized_to_chromosome	1.50225
-145.6862865	-145.6862264	-145.6861831	-145.6859653	-145.6862061	not_localized_to_chromosome	4.63944
-155.6021563	-155.6021477	-155.6020971	-155.6019492	-155.6021148	not_localized_to_chromosome	2.09933
-146.51947	-146.5194071	-148.806402	-146.5191652	-148.8064249	chr_HiC_scaffold_5	1.96163
-236.8315936	-236.8315197	-236.8314576	-236.8312882	-236.8314994	not_localized_to_chromosome	0.521932
-153.7243762	-153.7243152	-153.7242681	-153.7240968	-153.7242949	not_localized_to_chromosome	1.51944
-156.8036967	-156.8036465	-156.80361	-156.8034433	-157.4501687	not_localized_to_chromosome	0.426818
-152.5229807	-152.5229293	-152.5228419	-152.5227823	-150.4331451	not_localized_to_chromosome	0.522785
-130.1079254	-130.1078672	-130.1078078	-130.1077219	-130.1078435	chr_HiC_scaffold_3_HiC_scaffold_4	1.94981
-153.7851353	-153.7850679	-154.4741765	-154.4740586	-154.4743127	chr_HiC_scaffold_1	4.1072
-112.8340563	-112.8339959	-112.8339428	-112.8337203	-112.8339689	chr_HiC_scaffold_1	2.16232
-124.200761	-124.2007379	-124.2007307	-124.2018869	-124.2007503	chr_HiC_scaffold_1	1.23247
-120.0286766	-120.0286175	-123.2170665	-120.0284543	-123.2170929	chr_HiC_scaffold_1	1.19626
-122.4901523	-122.4899829	-123.5251783	-122.4899729	-123.5251733	chr_HiC_scaffold_1	1.87299
-147.956629	-147.9565691	-147.956539	-147.9563331	-147.956565	chr_HiC_scaffold_6	1.36328
-159.1227537	-159.1226893	-159.420513	-159.1221399	-159.4205481	not_recovered_in_genome	1.39435
-146.4485518	-146.4485513	-146.4485513	-146.448504	-146.4485508	chr_HiC_scaffold_1	1.74463
-163.3075483	-163.3075053	-163.3073586	-163.3079004	-163.3073533	chr_HiC_scaffold_1	1.21209
-139.8303996	-139.8305388	-139.8304946	-139.8303797	-139.8305136	chr_HiC_scaffold_1	1.74074
-91.1335903	-91.13358975	-91.13358971	-91.13355446	-91.13358897	not_recovered_in_genome	1.92142
-156.1423756	-156.1423147	-156.1422616	-156.1420958	-156.1422841	chr_HiC_scaffold_1	1.28001
-170.3242842	-170.3242953	-170.0660215	-170.0658809	-170.0660452	chr_HiC_scaffold_7	1.67729
-137.2922505	-137.2922273	-137.2923573	-137.2922911	-137.2923915	chr_HiC_scaffold_5	1.31827
-162.3389006	-162.3388518	-162.3388007	-162.3386351	-162.338813	chr_HiC_scaffold_4	1.62438
-230.4895734	-230.4895728	-221.3795252	-230.4895025	-230.3632966	chr_HiC_scaffold_4	2.18634
-175.4205865	-175.4205848	-173.6291155	-175.4177067	-175.0013581	chr_HiC_scaffold_2	1.33465
-149.2159099	-149.2157281	-150.8681497	-147.8361714	-150.8681603	chr_HiC_scaffold_2	0.434796
-166.6725862	-166.6786981	-165.6948547	-166.6726017	-166.67254	chr_HiC_scaffold_4	1.98134
-157.4182524	-151.1482921	-157.4181723	-157.4180187	-157.418193	chr_HiC_scaffold_4	1.34284
-139.4686864	-139.4686342	-139.468456	-139.4682107	-139.4684781	chr_HiC_scaffold_2	2.66446
-127.1800497	-127.1800497	-127.1800473	-127.1800105	-127.1800462	chr_HiC_scaffold_2	0.93215
-159.6772504	-165.2158959	-165.2159206	-165.2156933	-165.2159463	chr_HiC_scaffold_3	1.33927
-243.4966933	-246.497355	-245.1269716	-246.4971679	-246.4973442	chr_HiC_scaffold_3	5.60437
-126.1109396	-126.1108803	-126.1108279	-126.1105264	-126.1108496	chr_HiC_scaffold_3	3.055
-165.7691322	-165.769131	-158.5655064	-165.7690997	-165.7691509	not_recovered_in_genome	1.98395
-202.8810732	-202.8809213	-202.8808643	-202.8808635	-202.8808963	not_recovered_in_genome	1.2874
-142.0020807	-142.0020186	-142.0019631	-142.0018002	-142.0019903	chr_HiC_scaffold_3	1.9561
-147.8556292	-147.855623	-147.855566	-147.8555249	-147.8555986	chr_HiC_scaffold_3	2.18483
-148.5316147	-148.5317557	-148.5317132	-148.5316023	-148.5317135	chr_HiC_scaffold_3	0.772196
-169.9712701	-169.9712158	-169.9708852	-169.9706631	-169.24593	chr_HiC_scaffold_3	5.22008
-147.4715827	-147.4715814	-147.4715732	-147.4715136	-147.4716035	chr_HiC_scaffold_3	3.10515
-180.6500567	-180.6500006	-178.1860041	-180.6497353	-180.6499359	chr_HiC_scaffold_3	1.36847
-158.996912	-158.996854	-157.981126	-158.9965668	-158.9968316	chr_HiC_scaffold_3	1.29657
-185.3275268	-185.3274683	-185.6248524	-185.3271685	-185.6248206	chr_HiC_scaffold_9	1.48103
-83.17795028	-83.17795036	-83.17795048	-83.17792303	-83.17794998	chr_HiC_scaffold_2	0.130145
-163.5223425	-168.1353622	-168.1353142	-168.1352083	-168.1353469	chr_HiC_scaffold_7	1.35131
-171.9178126	-171.9177562	-171.6373462	-171.6372939	-171.6374133	chr_HiC_scaffold_7	1.2375
-128.8619204	-128.8618648	-128.8618333	-128.86156	-128.8618597	chr_HiC_scaffold_7	2.52391
-147.6383018	-147.638247	-147.6383788	-147.6381443	-147.575609	chr_HiC_scaffold_7	0.539994
-173.9525577	-173.9525004	-173.9524525	-173.9523284	-173.9524753	not_recovered_in_genome	3.14957
-111.9253199	-111.9253199	-111.9253201	-111.9252926	-111.9253196	chr_HiC_scaffold_7	1.58222
-164.99419	-164.9941342	-164.9941136	-164.9940309	-164.6381924	chr_HiC_scaffold_7	0.509228
-174.9920286	-174.9920964	-176.4666335	-174.9920072	-176.4666163	chr_HiC_scaffold_7	1.70208
-239.0808215	-239.0808166	-239.2571543	-239.080556	-239.2085885	chr_HiC_scaffold_7	2.16042
-126.3275344	-126.3274807	-126.3274266	-126.3270743	-126.3274488	chr_HiC_scaffold_3_HiC_scaffold_4	1.20874
-134.6382962	-133.7779822	-134.6384634	-134.6382421	-134.6380444	chr_HiC_scaffold_3_HiC_scaffold_4	0.296341
-141.7124842	-141.7124482	-141.6590616	-141.7121339	-141.7124901	chr_HiC_scaffold_3_HiC_scaffold_4	1.46221
-195.6190704	-192.7189405	-193.6934096	-195.6188765	-195.6190159	chr_HiC_scaffold_3_HiC_scaffold_4	1.70251
-200.8075629	-200.8075511	-198.8116909	-200.8072708	-200.8076731	chr_HiC_scaffold_3_HiC_scaffold_4	2.24032
-164.3287098	-164.3286479	-164.3285998	-164.3283535	-164.3286188	chr_HiC_scaffold_3_HiC_scaffold_4	1.45022
-121.2453932	-121.2453347	-121.2453656	-121.2450825	-121.2453935	chr_HiC_scaffold_3_HiC_scaffold_4	1.38057
-171.9967761	-171.9967165	-175.4763324	-171.9965265	-175.4762869	chr_HiC_scaffold_3_HiC_scaffold_4	1.32376
-102.2729586	-102.2728949	-102.2728405	-102.2725458	-102.2728689	chr_HiC_scaffold_7	5.90319
-144.6308046	-144.6308041	-144.6308041	-144.6307552	-144.6308034	chr_HiC_scaffold_7	1.75808
-172.8033315	-172.8032798	-170.1651611	-170.1649392	-170.1652038	chr_HiC_scaffold_7	0.402794
-140.7624916	-140.762434	-140.7623829	-140.7622326	-140.7624002	chr_HiC_scaffold_2	1.51522
-137.7286142	-137.7285655	-137.7285403	-137.7283805	-137.7285782	chr_HiC_scaffold_2	1.133
-119.5732795	-119.5732796	-119.5732797	-119.5732526	-119.5732792	chr_HiC_scaffold_2	2.25687
-142.9792703	-142.979183	-142.9791617	-142.9790183	-142.9791803	chr_HiC_scaffold_2	4.604
-129.369918	-129.3698561	-129.3698039	-129.3696455	-129.3698309	chr_HiC_scaffold_2	2.95038
-107.8347554	-107.834695	-107.8346374	-107.8344508	-107.8346661	chr_HiC_scaffold_2	1.48467
-140.7733602	-140.7732999	-140.7732489	-140.7729077	-140.7732735	chr_HiC_scaffold_2	1.35753
-129.1473805	-129.1473194	-129.1472674	-129.1470283	-129.1472927	chr_HiC_scaffold_2	3.25899
-165.7300596	-165.7299993	-165.7306433	-165.7290728	-165.7306754	chr_HiC_scaffold_3	2.85329
-124.9906403	-124.9905789	-124.9905251	-124.9902773	-124.9905546	chr_HiC_scaffold_3	1.62449
-168.6030046	-168.6029486	-168.6028839	-168.6027052	-168.6029136	chr_HiC_scaffold_3	0.561367
-188.9172966	-188.9172971	-188.9172548	-188.9171221	-188.8692561	chr_HiC_scaffold_3	2.47603
-144.6093237	-144.6094706	-144.6094238	-144.609315	-144.6094393	chr_HiC_scaffold_3	1.72161
-173.5101237	-173.5101393	-173.5099313	-173.5098909	-173.5099532	chr_HiC_scaffold_3	1.54653
-182.8331443	-182.8330846	-183.8536648	-182.8329489	-183.8536871	chr_HiC_scaffold_3	1.51907
-124.5956902	-124.5956289	-124.5955761	-124.59539	-124.5956018	chr_HiC_scaffold_6	3.36855
-92.99652513	-92.99651918	-92.99651984	-92.9964813	-92.99652204	chr_HiC_scaffold_3	1.43284
-160.937638	-160.9376227	-163.3706348	-160.9375322	-163.370552	chr_HiC_scaffold_3	1.9243
-104.5389782	-104.538917	-104.5388657	-104.5387279	-104.5388929	chr_HiC_scaffold_3	3.02443
-179.9114349	-176.2714988	-181.4249796	-179.9111041	-181.4250025	chr_HiC_scaffold_3	1.3422
-141.0007263	-141.0008695	-141.0008416	-141.0006356	-141.0008495	chr_HiC_scaffold_3	3.04299
-113.0797603	-118.4508616	-118.4508178	-118.4506806	-118.4508418	chr_HiC_scaffold_3	1.34698
-228.6331568	-226.581923	-228.6330582	-228.633107	-228.6330712	chr_HiC_scaffold_3	0.75802
-150.2897506	-150.2897508	-150.2897089	-150.2896733	-150.2897324	chr_HiC_scaffold_3	1.36382
-199.7827228	-199.7826649	-199.7364799	-199.7357491	-199.7364911	chr_HiC_scaffold_3	1.39569
-220.2166719	-220.2166138	-217.3612434	-220.2164371	-220.2165915	chr_HiC_scaffold_1	1.278
-138.0687424	-138.0686829	-138.068635	-138.0683559	-136.4936947	chr_HiC_scaffold_3	1.27463
-130.7362464	-130.7361849	-131.0188794	-130.7358215	-131.0189051	chr_HiC_scaffold_3	1.76741
-137.3139293	-137.3140794	-136.8636029	-137.3138614	-137.3139251	chr_HiC_scaffold_3	1.35148
-161.2963179	-161.2962778	-161.2962188	-161.2961609	-161.2962407	chr_HiC_scaffold_3	1.34496
-116.8918254	-116.8917654	-116.8917136	-116.8914861	-116.6083176	chr_HiC_scaffold_1	1.53121
-147.5913043	-147.591246	-147.5912546	-147.5910459	-147.5912757	chr_HiC_scaffold_1	1.36072
-148.6155268	-148.6155214	-148.6154655	-148.6152232	-148.6154958	chr_HiC_scaffold_5	1.47529
-157.6133276	-157.6134716	-157.6134169	-157.6133723	-157.6134473	not_recovered_in_genome	1.71886
-123.6339578	-123.6338958	-123.6338432	-123.633702	-123.6338686	chr_HiC_scaffold_5	1.8329
-125.019387	-125.0193391	-125.0192987	-125.0190564	-120.5527023	not_localized_to_chromosome	2.31451
-140.686053	-140.6859929	-139.9286003	-140.6856151	-140.6894505	chr_HiC_scaffold_5	1.33827
-188.6210376	-188.6210895	-188.6210543	-188.6209182	-188.6210681	chr_HiC_scaffold_5	1.59204
-133.2575936	-133.2575307	-133.2575119	-133.2573097	-133.2575385	chr_HiC_scaffold_5	1.48238
-138.9814157	-138.9813507	-135.6133704	-138.9810993	-138.9813254	chr_HiC_scaffold_5	1.5041
-201.3288381	-201.3287605	-203.1156928	-201.3289786	-204.4164524	chr_HiC_scaffold_5	6.01358
-159.3886122	-159.3887674	-161.5318391	-159.3884778	-161.531857	chr_HiC_scaffold_5	1.34247
-133.8876613	-133.8876604	-133.8876145	-133.887366	-133.8876425	chr_HiC_scaffold_9	1.75571
-163.5823068	-163.5822542	-163.5821503	-163.5820199	-163.5821837	chr_HiC_scaffold_9	1.49776
-130.6781238	-130.6780641	-130.6780208	-130.6777723	-130.6780472	chr_HiC_scaffold_2	1.33468
-140.5876231	-140.5875608	-141.9955809	-140.5872985	-141.9955917	chr_HiC_scaffold_2	3.04295
-127.5507207	-127.5506599	-127.5506079	-127.5503973	-127.5506306	chr_HiC_scaffold_2	2.79983
-166.3892292	-166.3890193	-166.3889965	-166.3896826	-166.3891354	chr_HiC_scaffold_2	2.18353
-149.8400205	-149.8401395	-150.2839058	-149.8399694	-150.2839569	chr_HiC_scaffold_2	1.35917
-201.306238	-194.6912929	-198.5505403	-201.3061188	-201.3061316	chr_HiC_scaffold_2	1.45954
-171.8493973	-171.8493354	-177.7138785	-171.8490536	-177.7139069	chr_HiC_scaffold_5	1.30295
-159.2979304	-159.2978704	-163.2978679	-159.297623	-163.2979414	chr_HiC_scaffold_5	1.47234
-173.773392	-173.7734176	-173.7733622	-173.7732701	-173.7733858	chr_HiC_scaffold_5	0.86157
-133.9010653	-133.901004	-133.9009521	-133.900744	-133.9009776	chr_HiC_scaffold_2	1.71282
-143.5782147	-143.5781561	-143.578087	-143.5779562	-143.5781312	chr_HiC_scaffold_5	1.40776
-181.6358249	-181.6358976	-181.6358373	-181.6356059	-181.6356848	chr_HiC_scaffold_5	1.83437
-125.4143421	-125.4142814	-125.4142293	-125.4140249	-125.4142522	chr_HiC_scaffold_1	1.28768
-155.1265399	-155.1264786	-155.1264221	-155.1260988	-155.1264498	chr_HiC_scaffold_7	1.6512
-164.7894319	-164.7893841	-162.5289573	-165.3256952	-162.6690307	chr_HiC_scaffold_3_HiC_scaffold_4	0.348393
-141.2665127	-141.2664812	-137.8955007	-141.2663157	-141.266452	chr_HiC_scaffold_3_HiC_scaffold_4	3.2795
-123.0586159	-123.0585534	-118.8179106	-123.0581631	-123.0585245	chr_HiC_scaffold_1	1.24256
-130.7269695	-130.7269081	-130.7268556	-130.7266667	-130.7268815	chr_HiC_scaffold_1	1.23382
-142.5108434	-142.5109898	-142.5109851	-142.5106466	-138.9826128	chr_HiC_scaffold_5	1.35465
-131.1385035	-131.1384985	-131.1384555	-131.1395557	-129.7209208	chr_HiC_scaffold_1	1.30358
-171.9433442	-171.9433587	-171.9432193	-171.9432202	-171.9433025	chr_HiC_scaffold_1	0.391246
-167.7628437	-167.7627587	-167.7627514	-167.7626159	-166.5217953	chr_HiC_scaffold_1	1.00547
-152.2738065	-152.2737474	-152.2736955	-152.2734751	-152.2737218	chr_HiC_scaffold_1	1.662
-127.6251162	-127.6250619	-127.3422717	-127.3419404	-127.3421356	chr_HiC_scaffold_1	2.92493
-157.867615	-157.8676141	-156.3945799	-157.8674311	-158.5160371	chr_HiC_scaffold_1	0.526082
-123.5803218	-123.5803899	-123.5795001	-123.5803369	-123.5795206	chr_HiC_scaffold_1	1.30627
-163.582241	-163.5821852	-163.5820756	-163.5819407	-163.5821257	chr_HiC_scaffold_1	0.447767
-150.8944082	-150.8943489	-147.7077029	-150.8941668	-150.8943249	chr_HiC_scaffold_1	1.39475
-165.7598792	-165.7598403	-165.7597781	-165.7597371	-165.7597353	chr_HiC_scaffold_5	1.23171
-166.3128449	-167.3375249	-166.3128676	-166.3127214	-166.3128805	chr_HiC_scaffold_5	1.11573
-123.4914596	-123.4915998	-124.5368742	-123.4914885	-124.5368763	chr_HiC_scaffold_5	1.45193
-133.8877016	-133.8876403	-133.8875933	-133.8873482	-133.8876168	chr_HiC_scaffold_5	1.27402
-209.9578965	-209.9578367	-209.9577658	-209.9576465	-209.9578135	chr_HiC_scaffold_5	1.5698
-169.1453639	-169.1453637	-169.1453627	-169.1453201	-169.1453636	chr_HiC_scaffold_5	2.94625
-114.6475479	-114.6475047	-114.647438	-114.6472972	-114.6474662	chr_HiC_scaffold_5	1.02883
-130.6641479	-130.6641119	-134.7646588	-130.6639593	-134.7646813	not_recovered_in_genome	1.6835
-183.6983567	-183.6982987	-184.8483336	-183.697891	-184.8483699	chr_HiC_scaffold_5	1.38625
-131.6444855	-131.6444787	-135.6210328	-131.6428201	-135.6210532	chr_HiC_scaffold_5	0.997804
-141.8116708	-141.8116503	-141.8117365	-141.8117367	-141.8117586	chr_HiC_scaffold_5	1.46867
-125.551653	-125.5515903	-125.5515381	-125.5513437	-124.1429393	chr_HiC_scaffold_5	1.47343
-131.9863163	-131.9863088	-131.9862258	-131.9860816	-131.9862884	chr_HiC_scaffold_5	1.51067
-134.8236154	-134.8235844	-134.8236614	-134.8189298	-134.8236167	chr_HiC_scaffold_5	4.39512
-200.0307078	-200.030698	-199.4930633	-200.0305807	-200.0306927	chr_HiC_scaffold_5	2.85682
-172.1673987	-172.1673666	-172.4786886	-172.1671874	-172.4787092	chr_HiC_scaffold_5	1.10728
-128.9132718	-128.9132303	-128.9132238	-128.9129809	-128.913198	chr_HiC_scaffold_3	0.712936
-142.8251874	-142.8251325	-142.8249481	-142.8249136	-142.8250592	not_recovered_in_genome	1.62572
-183.0081157	-183.0080564	-183.0080125	-183.0078475	-183.0080327	chr_HiC_scaffold_6	1.3814
-145.035402	-145.0353379	-145.5911958	-145.0350698	-145.047016	chr_HiC_scaffold_1	0.683245
-141.0376603	-141.0375999	-142.5198915	-141.0373828	-142.5199132	not_recovered_in_genome	1.56993
-183.054793	-183.1263878	-183.1262891	-183.1262738	-183.1262936	chr_HiC_scaffold_1	4.85765
-141.8860229	-141.8859635	-141.8859101	-141.8857401	-141.8859351	chr_HiC_scaffold_1	1.24836
-168.6509878	-168.6509713	-172.2064032	-168.6510267	-172.2063989	chr_HiC_scaffold_1	1.36007
-132.3911738	-132.3911146	-132.3910621	-132.3909312	-132.3910892	chr_HiC_scaffold_6	1.66067
-144.2315044	-144.2315181	-144.2313631	-144.2312174	-144.231403	chr_HiC_scaffold_7	1.21926
-209.3363469	-209.3363417	-209.3362946	-209.3362366	-209.3363207	chr_HiC_scaffold_4	1.32684
-124.2062691	-124.2062635	-124.2062252	-124.2060528	-124.2062518	chr_HiC_scaffold_1	1.2841
-110.121656	-110.1215954	-110.1215398	-110.1213092	-110.121566	chr_HiC_scaffold_5	1.73503
-119.2071451	-119.2073015	-119.2071153	-119.2070929	-119.2071439	chr_HiC_scaffold_4	3.35479
-157.292715	-157.2926555	-157.2926072	-157.2924861	-157.2926309	chr_HiC_scaffold_4	1.4894
-177.9395519	-177.9395504	-182.2400599	-177.9394914	-181.7926475	chr_HiC_scaffold_3_HiC_scaffold_4	1.50762
-138.7062256	-142.3886173	-144.186825	-142.3883351	-144.1868628	chr_HiC_scaffold_3_HiC_scaffold_4	1.48872
-222.2965403	-222.29656	-217.3558224	-215.7082518	-217.3558526	chr_HiC_scaffold_3_HiC_scaffold_4	1.30171
-129.7934053	-129.7934052	-129.7934054	-129.7933941	-129.793405	not_recovered_in_genome	3.63002
-221.501246	-221.5011973	-221.5011443	-221.5010129	-219.7602098	chr_HiC_scaffold_3_HiC_scaffold_4	1.50028
-103.637266	-103.6372125	-103.6371117	-103.6370085	-103.6371893	chr_HiC_scaffold_3_HiC_scaffold_4	0.402498
-179.6972246	-179.6971843	-179.6971386	-179.6970135	-179.6971593	chr_HiC_scaffold_1	1.56421
-153.1133478	-153.1132918	-152.8457384	-153.1132001	-153.1132413	not_recovered_in_genome	1.54215
-144.7399918	-144.7399317	-144.7398794	-144.7395735	-144.7399029	chr_HiC_scaffold_1	1.45797
-156.3542149	-156.3541816	-156.3541375	-156.3538882	-154.152949	chr_HiC_scaffold_1	1.31949
-153.6563548	-153.6562972	-153.6562311	-153.6560958	-153.3329972	chr_HiC_scaffold_6	1.32399
-155.7391162	-155.7392594	-155.7392165	-155.7391421	-155.7392333	chr_HiC_scaffold_4	2.07825
-162.5519172	-162.5517733	-169.4414564	-162.5516935	-169.4414799	not_recovered_in_genome	1.25024
-138.7433847	-138.7433245	-136.704509	-138.7431354	-138.7432945	chr_HiC_scaffold_5	1.25122
-130.4486196	-130.4487633	-130.44872	-130.4486862	-130.4487441	chr_HiC_scaffold_5	1.58591
-193.4658243	-193.4657164	-193.4657252	-193.4656004	-193.4657495	chr_HiC_scaffold_5	1.45176
-177.2335759	-177.2335734	-179.2386128	-177.2333555	-179.2386339	chr_HiC_scaffold_5	1.5394
-110.3230301	-110.3230282	-110.3228951	-110.3231891	-110.322894	chr_HiC_scaffold_5	1.86537
-138.862478	-138.8624183	-138.8623212	-138.8621659	-138.8623475	chr_HiC_scaffold_5	1.644
-132.2616371	-132.26163	-132.2615787	-132.2613213	-132.2616047	chr_HiC_scaffold_5	1.77989
-178.1264048	-178.126348	-178.1263143	-178.126149	-178.1263407	chr_HiC_scaffold_5	1.68117
-130.6330519	-130.6330094	-130.6329408	-130.6327242	-130.6329701	chr_HiC_scaffold_4	1.14495
-111.0736319	-111.0736308	-111.0735085	-111.0735981	-111.0735075	chr_HiC_scaffold_4	2.88325
-129.0909534	-129.0909361	-129.0909418	-129.0908497	-129.090931	chr_HiC_scaffold_4	5.55644
-148.8915951	-148.8914966	-148.8914628	-148.8914226	-148.8915712	chr_HiC_scaffold_4	1.23128
-120.9682184	-120.9681589	-120.9681086	-120.9679569	-120.9431519	chr_HiC_scaffold_4	1.07868
-127.6936701	-127.6936692	-127.6936673	-127.6935487	-127.6936678	chr_HiC_scaffold_4	3.42991
-116.7290376	-116.7289765	-116.728925	-116.7287912	-116.7289505	chr_HiC_scaffold_4	4.33869
-121.6304655	-121.630404	-121.6303493	-121.6301766	-121.6303772	chr_HiC_scaffold_4	2.82733
-151.299787	-151.2997346	-151.2997458	-151.29886	-151.2997566	chr_HiC_scaffold_4	0.992625
-129.2847235	-129.2846634	-129.2846108	-129.2843108	-129.284639	chr_HiC_scaffold_4	0.419311
-164.1949455	-164.1948844	-164.1948397	-164.1945553	-164.1948613	chr_HiC_scaffold_4	0.378108
-118.1878053	-118.1877433	-118.1876908	-118.1875499	-118.1877162	chr_HiC_scaffold_4	4.5808
-140.8440608	-140.8439978	-141.6725747	-140.8436559	-141.6726023	chr_HiC_scaffold_4	1.35969
-149.0186456	-149.0185834	-149.0185197	-149.0182659	-149.0185562	chr_HiC_scaffold_4	1.46917
-169.3423407	-169.3422862	-169.3421468	-169.3419996	-169.3421967	chr_HiC_scaffold_4	0.448914
-128.6937941	-128.6937532	-128.6937029	-128.693544	-128.6937294	chr_HiC_scaffold_1	3.02484
-143.4208332	-143.4207753	-143.4207222	-143.4205689	-140.4932378	chr_HiC_scaffold_4	1.58437
-103.4849461	-103.4848845	-103.4848324	-103.4845337	-103.4848627	chr_HiC_scaffold_4	1.42137
-138.7291883	-138.7291383	-139.5798456	-138.7289311	-139.5798746	chr_HiC_scaffold_4	1.29247
-130.2121055	-130.2120425	-131.2256971	-130.2117395	-131.2257232	chr_HiC_scaffold_4	1.94616
-154.433049	-154.4330065	-154.4329406	-154.4328713	-154.432965	chr_HiC_scaffold_4	1.56022
-83.17766167	-83.17766167	-83.17766167	-83.17766167	-83.17766167	chr_HiC_scaffold_4	6.67564
-137.791518	-137.850303	-137.8502767	-137.8510715	-137.850336	chr_HiC_scaffold_4	0.460655
-130.8863408	-130.8862787	-130.8862262	-130.8860849	-130.8862516	chr_HiC_scaffold_4	2.20829
-151.1968917	-151.1968338	-151.1967984	-151.1965115	-151.1968261	chr_HiC_scaffold_3_HiC_scaffold_4	1.24575
-158.7698781	-156.5460881	-158.7697785	-158.7696254	-158.7698041	chr_HiC_scaffold_3_HiC_scaffold_4	3.36575
-143.8274611	-143.8274006	-143.82735	-143.8280291	-143.8273397	chr_HiC_scaffold_2	1.81873
-171.8548828	-171.8548256	-175.2500758	-171.8545443	-175.2500989	not_recovered_in_genome	1.58293
-146.5593003	-146.5592409	-146.5592169	-146.5590292	-141.6716134	chr_HiC_scaffold_2	2.78463
-89.36739059	-89.36732626	-89.36727135	-89.36698788	-89.36730107	chr_HiC_scaffold_2	1.76338
-136.5969547	-136.5969544	-136.5969542	-136.596935	-136.5969539	chr_HiC_scaffold_2	2.35222
-145.4609265	-145.4608731	-145.194589	-145.4607539	-145.4608507	chr_HiC_scaffold_2	0.518213
-126.5066655	-126.5066794	-126.506485	-126.5064066	-126.5065153	chr_HiC_scaffold_3_HiC_scaffold_4	3.64573
-146.7229641	-146.722902	-146.7228447	-146.7226452	-146.7228692	chr_HiC_scaffold_3_HiC_scaffold_4	1.54299
-136.3910222	-136.390963	-136.3909131	-136.3906749	-136.3909362	chr_HiC_scaffold_3_HiC_scaffold_4	1.69426
-129.294637	-129.2945756	-129.2945281	-129.2943429	-129.2945558	chr_HiC_scaffold_4	1.43042
-104.4908198	-104.4908163	-104.4904085	-104.4908762	-104.4904267	chr_HiC_scaffold_4	0.937733
-141.2110221	-141.2110161	-141.2109676	-141.2108374	-141.2108797	chr_HiC_scaffold_4	2.68107
-177.639248	-177.6392042	-177.6391384	-177.6389674	-177.6391351	chr_HiC_scaffold_4	0.726755
-127.0098114	-127.0097509	-127.0096984	-127.0094198	-127.0097224	chr_HiC_scaffold_4	1.44577
-158.0965434	-158.0964813	-158.0964739	-158.0961882	-157.0715054	chr_HiC_scaffold_4	1.28218
-167.5788321	-167.5787725	-167.5786669	-167.5784808	-165.6427411	chr_HiC_scaffold_4	1.45831
-134.0782402	-134.0781975	-133.8213757	-134.0779788	-134.0781772	chr_HiC_scaffold_4	0.616579
-190.4154329	-190.4154279	-190.4153847	-190.4152602	-190.4153356	chr_HiC_scaffold_4	1.57484
-143.671457	-143.6714501	-143.6713933	-143.6711955	-143.6714234	chr_HiC_scaffold_4	1.26579
-139.479679	-139.479622	-139.4795993	-139.4794591	-139.4796261	chr_HiC_scaffold_9	0.402592
-152.5899095	-152.5898531	-152.5897575	-152.5896228	-152.2746414	chr_HiC_scaffold_4	1.20004
-151.1623881	-151.1623197	-150.9608285	-151.1620965	-150.1308976	chr_HiC_scaffold_4	0.539139
-117.2897273	-117.2896665	-117.2896126	-117.2894004	-117.2896405	chr_HiC_scaffold_3	1.72236
-193.1139173	-193.1139158	-193.1139209	-193.1142274	-193.1139547	chr_HiC_scaffold_3_HiC_scaffold_4	4.58654
-172.7122605	-172.712197	-172.7121388	-172.7118766	-172.7121687	chr_HiC_scaffold_3_HiC_scaffold_4	3.18306
-174.8808364	-174.8807738	-174.8807203	-174.8804601	-174.8807458	chr_HiC_scaffold_3_HiC_scaffold_4	1.58673
-169.4372538	-169.4371939	-166.1507713	-169.4369606	-169.4371535	chr_HiC_scaffold_3_HiC_scaffold_4	1.81743
-155.2492662	-155.2494096	-153.8621431	-155.2492572	-155.249424	chr_HiC_scaffold_3_HiC_scaffold_4	1.60755
-82.96148126	-82.96148134	-82.96148147	-82.96145394	-82.96148096	chr_HiC_scaffold_3_HiC_scaffold_4	2.5752
-118.6234059	-118.6232355	-118.6233746	-118.6232849	-118.6234014	chr_HiC_scaffold_3_HiC_scaffold_4	1.53138
-186.2706051	-186.2707489	-186.14577	-186.2706395	-186.2706432	chr_HiC_scaffold_7	1.6713
-203.4912243	-203.4911913	-203.4801947	-203.4911508	-203.4911323	chr_HiC_scaffold_3_HiC_scaffold_4	1.24476
-178.1125956	-178.1125664	-178.7679951	-178.1124586	-178.7680045	chr_HiC_scaffold_3_HiC_scaffold_4	1.63006
-184.2461099	-184.2460658	-183.6786706	-183.6786488	-183.6788512	chr_HiC_scaffold_3_HiC_scaffold_4	3.70637
-173.0010813	-173.0011615	-172.9998893	-173.0009743	-173.0010182	not_recovered_in_genome	2.19583
-124.6637597	-124.6637428	-124.6644224	-124.663693	-124.6644297	chr_HiC_scaffold_3_HiC_scaffold_4	0.39244
-112.7982539	-112.798254	-112.7982541	-112.7982285	-112.7982536	chr_HiC_scaffold_3_HiC_scaffold_4	6.5149
-154.3400642	-160.5015063	-160.5014582	-160.5012667	-158.771102	chr_HiC_scaffold_3_HiC_scaffold_4	1.48641
-194.0758675	-194.075809	-193.3300573	-194.0756557	-194.0758731	not_recovered_in_genome	1.5495
-178.4021714	-178.4021317	-179.7915896	-178.4020476	-179.791601	chr_HiC_scaffold_1	1.5649
-179.8699404	-179.869932	-179.8698359	-179.8703112	-178.1993607	not_recovered_in_genome	1.64937
-109.9702361	-109.9701826	-112.9443546	-109.9698604	-112.9443827	chr_HiC_scaffold_5	1.25341
-175.7325604	-175.7324869	-175.9139615	-175.7322159	-175.9139804	chr_HiC_scaffold_6	0.676906
-134.3764665	-134.3764627	-134.3764093	-134.3763489	-134.3764389	chr_HiC_scaffold_6	1.53077
-149.1098275	-149.1099686	-149.1099242	-149.109839	-145.2877243	not_recovered_in_genome	1.54948
-157.6660555	-157.6659918	-157.665943	-157.6658087	-157.6659653	chr_HiC_scaffold_6	1.34223
-150.5921912	-150.5921361	-149.7215063	-145.0978085	-149.7215349	chr_HiC_scaffold_6	1.33351
-139.6449029	-135.4041287	-139.6449078	-139.6448472	-139.6449345	chr_HiC_scaffold_6	1.48219
-146.0792658	-146.0792067	-146.0791561	-146.0788971	-142.7185579	chr_HiC_scaffold_6	1.76693
-152.6435559	-152.6435058	-155.7650112	-152.6432797	-155.7650304	chr_HiC_scaffold_6	1.49617
-110.754566	-110.754565	-110.7544261	-110.7545752	-110.7544254	chr_HiC_scaffold_6	1.52126
-103.7560861	-103.7560858	-103.7560855	-103.7560406	-103.756085	chr_HiC_scaffold_7	2.488
-168.9606149	-168.9605727	-168.9605093	-168.9605026	-168.9605394	chr_HiC_scaffold_6	1.43713
-152.0336901	-152.0336848	-153.3713582	-152.0337094	-153.3713835	chr_HiC_scaffold_6	1.90778
-147.304105	-147.3041186	-147.3039201	-147.3037295	-147.3039501	chr_HiC_scaffold_6	2.63133
-143.4462142	-143.4461517	-143.4460946	-143.4458685	-143.4461238	chr_HiC_scaffold_6	1.38838
-167.7881495	-167.7881453	-167.7880706	-167.7880154	-167.7880825	chr_HiC_scaffold_6	0.610234
-179.7295204	-179.7295197	-179.7295185	-179.7294229	-179.7295183	chr_HiC_scaffold_1	3.15474
-164.6442236	-164.6441745	-164.6441401	-164.6440123	-164.6441605	chr_HiC_scaffold_1	0.409027
-141.7159125	-141.7160504	-141.7160117	-141.7159406	-141.7160272	chr_HiC_scaffold_1	1.47117
-140.3775641	-140.3775541	-140.3775031	-140.3773505	-140.3775288	chr_HiC_scaffold_6	1.6613
-146.9262275	-146.9261648	-141.5885928	-146.9258711	-146.9261383	chr_HiC_scaffold_1	1.42461
-136.3088107	-136.3087507	-136.3087094	-136.3084633	-126.0328908	chr_HiC_scaffold_6	1.36607
-149.5487991	-149.5487491	-150.6523261	-149.5485022	-150.6523383	chr_HiC_scaffold_6	0.462431
-146.6355717	-146.6355655	-146.6355154	-146.6354186	-146.6355393	chr_HiC_scaffold_6	2.26814
-161.7186462	-161.7186629	-162.5524068	-161.7183419	-162.5524404	chr_HiC_scaffold_4	1.23359
-169.4872335	-169.4871821	-169.4871201	-169.4870212	-167.8971804	chr_HiC_scaffold_6	0.312774
-145.7654808	-145.7654758	-145.7654273	-145.7653036	-145.7653202	chr_HiC_scaffold_6	1.90116
-145.3004052	-145.3004039	-145.300265	-145.3003526	-145.3002811	chr_HiC_scaffold_6	4.62509
-196.3372685	-196.3372817	-189.3883325	-196.3371842	-196.3372549	chr_HiC_scaffold_6	1.85448
-87.96063583	-87.96063375	-87.96062889	-87.96052941	-87.96049407	chr_HiC_scaffold_7	1.77749
-139.0757734	-139.0757739	-139.0757263	-139.0756074	-139.0757515	chr_HiC_scaffold_7	1.54952
-161.841619	-161.8416141	-161.8415758	-161.8414586	-161.8416008	chr_HiC_scaffold_7	0.799374
-143.5981052	-143.5980451	-143.5980507	-143.5977681	-143.5980774	chr_HiC_scaffold_7	1.55693
-147.8440239	-147.8439627	-147.8439098	-147.8436067	-147.8439374	chr_HiC_scaffold_7	1.4002
-167.0116121	-167.0116045	-167.7338654	-167.0113104	-167.733864	chr_HiC_scaffold_7	1.40577
-131.6639006	-131.663841	-131.6637856	-131.6635826	-131.6638179	chr_HiC_scaffold_7	1.40501
-124.8304264	-124.8303679	-124.8303235	-124.8301511	-124.8303471	chr_HiC_scaffold_7	2.4705
-121.4895488	-121.489487	-121.4894326	-121.4891466	-121.4894595	chr_HiC_scaffold_7	1.56966
-95.53457973	-95.53451699	-95.53446248	-95.53425219	-95.53449147	chr_HiC_scaffold_7	1.70891
-156.6209479	-156.6209006	-156.6208696	-156.6207203	-156.6208933	not_localized_to_chromosome	1.33444
-129.7075328	-129.7075285	-129.7074891	-129.7073342	-129.7075116	chr_HiC_scaffold_7	0.433857
-110.5197947	-110.5197367	-110.5196858	-110.5194848	-110.5197124	chr_HiC_scaffold_7	1.0234
-146.7570677	-146.7570159	-148.7228019	-146.7568211	-148.7228256	chr_HiC_scaffold_3_HiC_scaffold_4	0.469677
-138.875507	-138.8755209	-138.8755354	-138.875154	-138.8754807	chr_HiC_scaffold_1	1.58496
-192.6509333	-192.6508389	-190.3683043	-192.6506747	-192.6508776	chr_HiC_scaffold_6	1.33015
-130.1866786	-130.18662	-130.1865726	-130.1864003	-130.1865969	chr_HiC_scaffold_7	3.30557
-136.8772335	-136.8771763	-136.8771275	-136.8768663	-136.87713	chr_HiC_scaffold_7	1.78165
-167.3760855	-167.3760235	-165.0097782	-167.3758518	-167.3759942	chr_HiC_scaffold_7	1.55702
-162.6760396	-162.6759862	-162.6759887	-162.6758052	-162.6760219	chr_HiC_scaffold_7	0.388236
-138.9036915	-138.9036859	-138.9036391	-138.9034859	-138.9036654	chr_HiC_scaffold_7	3.60306
-164.8591337	-164.8590741	-164.8590206	-164.8588875	-164.8590467	chr_HiC_scaffold_6	1.57074
-143.808589	-147.8389152	-147.8388142	-147.8390578	-147.8389007	chr_HiC_scaffold_5	1.1896
-125.8180061	-125.817946	-125.8178958	-125.817622	-125.8179199	chr_HiC_scaffold_5	1.51515
-118.6707472	-118.6706847	-118.6706325	-118.6704511	-118.6706597	chr_HiC_scaffold_5	3.46383
-148.1632555	-148.1631957	-145.2191936	-148.1629819	-148.1631705	chr_HiC_scaffold_5	3.18128
-175.366015	-175.3659573	-177.8202329	-175.3656563	-177.8202574	chr_HiC_scaffold_5	1.2559
-131.0401576	-137.2245231	-137.2244711	-137.2241732	-137.2244945	chr_HiC_scaffold_5	1.73597
-166.8778195	-166.8777851	-168.7317714	-166.8776285	-168.7318449	chr_HiC_scaffold_5	7.46524
-151.6113178	-151.6113141	-151.6112678	-151.6110762	-151.6112924	chr_HiC_scaffold_5	1.76275
-147.2526102	-147.2525615	-147.2547786	-147.2516748	-145.3013078	chr_HiC_scaffold_5	0.552682
-111.0516879	-111.0516887	-111.0516411	-111.0516055	-111.0516812	chr_HiC_scaffold_5	0.507955
-143.543816	-143.5439575	-143.5438925	-143.543792	-143.5439346	chr_HiC_scaffold_5	1.35996
-128.9777913	-128.977731	-128.9776759	-128.9775643	-128.9777034	chr_HiC_scaffold_5	1.56674
-154.4740751	-154.4740353	-154.4738547	-154.4739234	-154.4740022	chr_HiC_scaffold_5	1.49967
-114.2255703	-114.2255152	-115.9486849	-114.2251942	-115.9487241	chr_HiC_scaffold_5	1.94285
-124.5472229	-124.5471586	-124.5471052	-124.5468862	-124.5471359	chr_HiC_scaffold_5	3.53766
-136.8698301	-136.8698454	-136.8696401	-136.8695444	-136.8696723	chr_HiC_scaffold_5	1.42213
-100.2095742	-100.2095315	-100.2094656	-100.2092469	-100.2094945	chr_HiC_scaffold_5	0.594384
-133.6893201	-133.6892845	-133.9549617	-133.6891966	-133.9549978	chr_HiC_scaffold_5	2.90274
-146.4466727	-146.4466134	-146.4465493	-146.4463673	-146.4465897	chr_HiC_scaffold_5	3.93587
-111.4655997	-111.4655292	-111.465549	-111.4652355	-111.4655749	chr_HiC_scaffold_4	2.41514
-162.4116429	-162.411641	-161.7622978	-162.4115477	-162.4116727	chr_HiC_scaffold_4	2.08903
-172.8394745	-172.8394154	-176.9605669	-172.8391694	-176.960591	chr_HiC_scaffold_4	1.74003
-86.84562017	-86.84561852	-86.84573443	-86.84553764	-86.84574397	chr_HiC_scaffold_4	2.07252
-140.2032488	-140.2033933	-142.2956885	-140.2032057	-142.2957079	chr_HiC_scaffold_4	1.66989
-107.7787421	-107.7787417	-107.7787733	-107.7786992	-107.7787407	chr_HiC_scaffold_4	7.02657
-117.4899347	-117.4899301	-117.4899672	-117.4899019	-117.4899555	chr_HiC_scaffold_2	0.923836
-135.4907728	-135.4907554	-135.4907661	-135.4907716	-135.490839	chr_HiC_scaffold_2	2.789
-164.8666884	-164.8666301	-164.812445	-164.8664209	-164.866628	chr_HiC_scaffold_6	1.39772
-95.62624997	-95.62618724	-95.62613378	-95.62593114	-95.62615962	chr_HiC_scaffold_6	3.22616
-149.4472528	-149.4471923	-149.4471463	-149.4469804	-149.4471698	chr_HiC_scaffold_6	1.84827
-208.0446094	-208.0445065	-208.0000256	-208.0445056	-208.0445628	chr_HiC_scaffold_4	1.52274
-132.1911101	-132.1910685	-132.191008	-132.1909709	-132.1910296	chr_HiC_scaffold_4	1.36003
-200.0169965	-200.0168599	-200.0168686	-200.0167542	-200.0168949	chr_HiC_scaffold_4	4.53663
-127.8997594	-127.8997002	-127.8997026	-127.8994385	-127.8997305	chr_HiC_scaffold_4	2.88413
-143.728168	-143.7281653	-142.4809481	-143.7280727	-143.7281824	chr_HiC_scaffold_4	1.34848
-138.0460508	-138.0459826	-138.0459156	-138.045668	-135.9544904	chr_HiC_scaffold_5	1.23958
-165.5368525	-165.5368062	-163.2862689	-165.5366615	-165.5367713	not_recovered_in_genome	1.6052
-189.4255129	-189.4255139	-189.4254199	-189.4251775	-187.0835095	chr_HiC_scaffold_5	0.702157
-122.2436688	-122.2436089	-122.2435581	-122.2433517	-122.2435827	chr_HiC_scaffold_5	3.03588
-111.9838643	-111.9838094	-111.9837987	-111.9835494	-111.9838233	chr_HiC_scaffold_5	0.770919
-128.2926874	-128.2926262	-128.2925759	-128.2923502	-128.2926006	chr_HiC_scaffold_5	1.25292
-184.0269956	-184.0269405	-184.6149804	-184.0267763	-184.6084667	chr_HiC_scaffold_5	0.578921
-127.5393862	-127.539325	-127.5392723	-127.5390599	-127.5392977	chr_HiC_scaffold_5	1.85498
-154.4757138	-154.4756524	-158.194389	-154.4753681	-158.1944078	chr_HiC_scaffold_5	1.50103
-155.1596356	-157.5203687	-157.5202856	-157.5201626	-157.5203462	chr_HiC_scaffold_5	1.41861
-83.17796024	-83.17796032	-83.17796044	-83.17793205	-83.17795992	chr_HiC_scaffold_9	0.10015
-223.5873364	-223.587214	-224.8314701	-223.5868511	-224.8314287	chr_HiC_scaffold_2	1.58184
